Time ,u_X0,u_X1,u_G3,u_G2,u_G1,Strain_X0,Strain_X1,Strain_G3,Strain_G2,Strain_G1
360000,1.56E-06,1.56E-06,1.72E-05,1.69E-05,1.69E-05,9.71E-06,9.68E-06,2.05E-07,2.30E-07,2.08E-07
363600,4.79E-18,4.79E-18,5.25E-17,5.17E-17,5.18E-17,-2.97E-17,-2.97E-17,-6.28E-19,-7.04E-19,-6.37E-19
367200,3.22E-18,3.22E-18,3.53E-17,3.47E-17,3.48E-17,2.00E-17,1.99E-17,4.22E-19,4.73E-19,4.28E-19
370800,5.45E-18,5.45E-18,5.98E-17,5.88E-17,5.90E-17,3.38E-17,3.37E-17,7.15E-19,8.02E-19,7.26E-19
374400,2.45E-18,2.45E-18,2.69E-17,2.64E-17,2.65E-17,1.52E-17,1.52E-17,3.21E-19,3.60E-19,3.26E-19
378000,5.09E-19,5.09E-19,5.59E-18,5.49E-18,5.51E-18,-3.16E-18,-3.15E-18,-6.67E-20,-7.48E-20,-6.77E-20
381600,3.49E-18,3.49E-18,3.83E-17,3.76E-17,3.78E-17,-2.17E-17,-2.16E-17,-4.58E-19,-5.13E-19,-4.65E-19
385200,1.04E-17,1.04E-17,1.14E-16,1.12E-16,1.13E-16,-6.47E-17,-6.45E-17,-1.37E-18,-1.53E-18,-1.39E-18
388800,6.26E-18,6.27E-18,6.87E-17,6.76E-17,6.78E-17,3.89E-17,3.88E-17,8.22E-19,9.21E-19,8.34E-19
392400,3.28E-18,3.29E-18,3.60E-17,3.54E-17,3.55E-17,2.04E-17,2.03E-17,4.31E-19,4.83E-19,4.37E-19
396000,3.04E-19,3.04E-19,3.34E-18,3.28E-18,3.29E-18,1.88E-18,1.88E-18,3.98E-20,4.47E-20,4.05E-20
399600,2.68E-18,2.68E-18,2.94E-17,2.89E-17,2.90E-17,-1.66E-17,-1.66E-17,-3.51E-19,-3.94E-19,-3.56E-19
403200,9.61E-18,9.61E-18,1.05E-16,1.04E-16,1.04E-16,-5.96E-17,-5.95E-17,-1.26E-18,-1.41E-18,-1.28E-18
406800,8.06E-18,8.07E-18,8.85E-17,8.70E-17,8.72E-17,5.01E-17,5.00E-17,1.06E-18,1.19E-18,1.07E-18
410400,4.10E-18,4.10E-18,4.50E-17,4.42E-17,4.43E-17,2.54E-17,2.54E-17,5.37E-19,6.02E-19,5.45E-19
414000,1.12E-18,1.12E-18,1.23E-17,1.21E-17,1.21E-17,6.93E-18,6.92E-18,1.46E-19,1.64E-19,1.49E-19
417600,1.86E-18,1.86E-18,2.05E-17,2.01E-17,2.02E-17,-1.16E-17,-1.15E-17,-2.44E-19,-2.74E-19,-2.48E-19
421200,3.85E-18,3.85E-18,4.23E-17,4.15E-17,4.17E-17,-2.39E-17,-2.38E-17,-5.05E-19,-5.66E-19,-5.13E-19
424800,7.82E-18,7.82E-18,8.58E-17,8.43E-17,8.46E-17,4.85E-17,4.84E-17,1.03E-18,1.15E-18,1.04E-18
428400,4.91E-18,4.91E-18,5.39E-17,5.30E-17,5.31E-17,3.05E-17,3.04E-17,6.44E-19,7.22E-19,6.54E-19
432000,1.93E-18,1.93E-18,2.12E-17,2.08E-17,2.09E-17,1.20E-17,1.19E-17,2.53E-19,2.84E-19,2.57E-19
435600,1.05E-18,1.05E-18,1.15E-17,1.13E-17,1.14E-17,-6.52E-18,-6.50E-18,-1.38E-19,-1.54E-19,-1.40E-19
439200,4.03E-18,4.03E-18,4.42E-17,4.35E-17,4.36E-17,-2.50E-17,-2.50E-17,-5.29E-19,-5.93E-19,-5.37E-19
442800,4.50E-18,4.50E-18,4.94E-17,4.85E-17,4.87E-17,2.79E-17,2.79E-17,5.90E-19,6.61E-19,5.99E-19
446400,7.14E-18,7.12E-18,7.82E-17,7.69E-17,7.71E-17,4.45E-17,4.40E-17,9.34E-19,1.05E-18,9.49E-19
450000,2.74E-18,2.74E-18,3.01E-17,2.96E-17,2.97E-17,1.70E-17,1.70E-17,3.60E-19,4.03E-19,3.65E-19
453600,2.38E-19,2.37E-19,2.61E-18,2.56E-18,2.57E-18,-1.47E-18,-1.48E-18,-3.12E-20,-3.50E-20,-3.17E-20
457200,3.22E-18,3.22E-18,3.53E-17,3.47E-17,3.48E-17,-2.00E-17,-1.99E-17,-4.22E-19,-4.73E-19,-4.28E-19
460800,1.01E-17,1.02E-17,1.11E-16,1.09E-16,1.10E-16,-6.30E-17,-6.28E-17,-1.33E-18,-1.49E-18,-1.35E-18
464400,6.54E-18,6.54E-18,7.17E-17,7.05E-17,7.07E-17,4.06E-17,4.05E-17,8.57E-19,9.61E-19,8.70E-19
468000,3.56E-18,3.56E-18,3.90E-17,3.84E-17,3.85E-17,2.21E-17,2.20E-17,4.66E-19,5.23E-19,4.73E-19
471600,7.20E-18,7.19E-18,7.89E-17,7.76E-17,7.78E-17,4.45E-17,4.46E-17,9.43E-19,1.06E-18,9.58E-19
475200,2.41E-18,2.41E-18,2.64E-17,2.59E-17,2.60E-17,-1.49E-17,-1.49E-17,-3.15E-19,-3.54E-19,-3.20E-19
478800,1.12E-17,1.12E-17,1.23E-16,1.21E-16,1.22E-16,-6.98E-17,-6.95E-17,-1.47E-18,-1.65E-18,-1.49E-18
482400,7.35E-18,7.35E-18,8.06E-17,7.93E-17,7.95E-17,4.56E-17,4.55E-17,9.64E-19,1.08E-18,9.78E-19
486000,4.25E-18,4.25E-18,4.66E-17,4.58E-17,4.60E-17,2.63E-17,2.63E-17,5.57E-19,6.25E-19,5.66E-19
489600,3.16E-18,3.16E-18,3.47E-17,3.41E-17,3.42E-17,-1.97E-17,-1.97E-17,-4.14E-19,-4.65E-19,-4.21E-19
493200,1.59E-18,1.59E-18,1.75E-17,1.72E-17,1.72E-17,-9.90E-18,-9.86E-18,-2.09E-19,-2.34E-19,-2.12E-19
496800,3.58E-18,3.58E-18,3.93E-17,3.86E-17,3.87E-17,-2.22E-17,-2.22E-17,-4.69E-19,-5.26E-19,-4.77E-19
500400,8.16E-18,8.16E-18,8.96E-17,8.80E-17,8.83E-17,5.07E-17,5.05E-17,1.07E-18,1.20E-18,1.09E-18
504000,5.18E-18,5.18E-18,5.69E-17,5.59E-17,5.61E-17,3.22E-17,3.21E-17,6.79E-19,7.62E-19,6.90E-19
507600,2.20E-18,2.20E-18,2.42E-17,2.37E-17,2.38E-17,1.37E-17,1.36E-17,2.89E-19,3.24E-19,2.93E-19
511200,7.79E-19,7.80E-19,8.55E-18,8.41E-18,8.43E-18,-4.84E-18,-4.83E-18,-1.02E-19,-1.15E-19,-1.04E-19
514800,3.76E-18,3.76E-18,4.13E-17,4.06E-17,4.07E-17,-2.33E-17,-2.33E-17,-4.93E-19,-5.53E-19,-5.01E-19
518400,3.76E-18,3.76E-18,4.12E-17,4.05E-17,4.07E-17,2.33E-17,2.33E-17,4.93E-19,5.53E-19,5.00E-19
522000,5.99E-18,6.00E-18,6.58E-17,6.47E-17,6.49E-17,3.72E-17,3.71E-17,7.86E-19,8.81E-19,7.98E-19
525600,3.01E-18,3.01E-18,3.31E-17,3.25E-17,3.26E-17,1.87E-17,1.87E-17,3.95E-19,4.43E-19,4.01E-19
529200,3.35E-20,3.34E-20,3.66E-19,3.59E-19,3.61E-19,2.01E-19,2.00E-19,4.41E-21,4.93E-21,4.37E-21
532800,2.95E-18,2.95E-18,3.23E-17,3.18E-17,3.19E-17,-1.83E-17,-1.82E-17,-3.86E-19,-4.33E-19,-3.92E-19
536400,9.88E-18,9.88E-18,1.08E-16,1.07E-16,1.07E-16,-6.13E-17,-6.12E-17,-1.30E-18,-1.45E-18,-1.31E-18
540000,6.81E-18,6.81E-18,7.47E-17,7.34E-17,7.37E-17,4.23E-17,4.21E-17,8.93E-19,1.00E-18,9.06E-19
543600,1.34E-17,1.34E-17,1.47E-16,1.44E-16,1.45E-16,8.30E-17,8.29E-17,1.76E-18,1.97E-18,1.78E-18
547200,7.72E-19,7.74E-19,8.48E-18,8.34E-18,8.36E-18,4.77E-18,4.78E-18,1.01E-19,1.13E-19,1.03E-19
550800,2.13E-18,2.13E-18,2.34E-17,2.30E-17,2.31E-17,-1.33E-17,-1.32E-17,-2.80E-19,-3.14E-19,-2.84E-19
554400,1.10E-17,1.10E-17,1.20E-16,1.18E-16,1.19E-16,-6.83E-17,-6.78E-17,-1.44E-18,-1.61E-18,-1.46E-18
558000,7.62E-18,7.62E-18,8.36E-17,8.22E-17,8.24E-17,4.73E-17,4.72E-17,9.99E-19,1.12E-18,1.01E-18
561600,4.64E-18,4.64E-18,5.09E-17,5.00E-17,5.02E-17,2.88E-17,2.87E-17,6.08E-19,6.82E-19,6.18E-19
565200,2.89E-18,2.89E-18,3.17E-17,3.11E-17,3.12E-17,-1.80E-17,-1.80E-17,-3.79E-19,-4.25E-19,-3.84E-19
568800,1.32E-18,1.32E-18,1.45E-17,1.43E-17,1.43E-17,-8.20E-18,-8.17E-18,-1.73E-19,-1.94E-19,-1.76E-19
572400,3.31E-18,3.31E-18,3.63E-17,3.57E-17,3.58E-17,-2.05E-17,-2.05E-17,-4.34E-19,-4.86E-19,-4.40E-19
576000,3.22E-18,3.22E-18,3.53E-17,3.47E-17,3.48E-17,2.00E-17,1.99E-17,4.22E-19,4.73E-19,4.28E-19
579600,5.45E-18,5.45E-18,5.98E-17,5.88E-17,5.90E-17,3.38E-17,3.38E-17,7.15E-19,8.02E-19,7.26E-19
583200,2.47E-18,2.47E-18,2.71E-17,2.67E-17,2.67E-17,1.53E-17,1.53E-17,3.24E-19,3.63E-19,3.29E-19
586800,2.33E-19,2.34E-19,2.56E-18,2.52E-18,2.53E-18,-1.44E-18,-1.45E-18,-3.07E-20,-3.44E-20,-3.10E-20
590400,3.21E-18,3.21E-18,3.53E-17,3.47E-17,3.48E-17,-2.00E-17,-1.99E-17,-4.21E-19,-4.73E-19,-4.28E-19
594000,6.20E-18,6.20E-18,6.80E-17,6.68E-17,6.70E-17,-3.85E-17,-3.84E-17,-8.12E-19,-9.11E-19,-8.25E-19
597600,9.18E-18,9.18E-18,1.01E-16,9.90E-17,9.93E-17,-5.70E-17,-5.68E-17,-1.20E-18,-1.35E-18,-1.22E-18
601200,1.02E-17,1.02E-17,1.12E-16,1.10E-16,1.10E-16,-6.31E-17,-6.30E-17,-1.33E-18,-1.50E-18,-1.35E-18
604800,1.52E-17,1.52E-17,1.67E-16,1.64E-16,1.65E-16,9.45E-17,9.42E-17,2.00E-18,2.24E-18,2.03E-18
608400,1.28E-17,1.28E-17,1.40E-16,1.38E-16,1.38E-16,7.92E-17,7.90E-17,1.67E-18,1.88E-18,1.70E-18
612000,5.38E-18,5.38E-18,5.90E-17,5.80E-17,5.82E-17,3.34E-17,3.33E-17,7.05E-19,7.90E-19,7.15E-19
615600,6.80E-18,6.81E-18,7.47E-17,7.34E-17,7.36E-17,4.22E-17,4.21E-17,8.92E-19,1.00E-18,9.06E-19
619200,3.82E-18,3.82E-18,4.20E-17,4.12E-17,4.14E-17,2.37E-17,2.37E-17,5.01E-19,5.62E-19,5.09E-19
622800,5.58E-18,5.58E-18,6.13E-17,6.02E-17,6.04E-17,-3.47E-17,-3.46E-17,-7.32E-19,-8.21E-19,-7.43E-19
626400,1.59E-18,1.59E-18,1.74E-17,1.71E-17,1.72E-17,-9.86E-18,-9.83E-18,-2.08E-19,-2.33E-19,-2.11E-19
630000,4.57E-18,4.57E-18,5.01E-17,4.93E-17,4.94E-17,-2.84E-17,-2.83E-17,-5.99E-19,-6.72E-19,-6.08E-19
633600,7.55E-18,7.55E-18,8.28E-17,8.14E-17,8.17E-17,-4.69E-17,-4.67E-17,-9.90E-19,-1.11E-18,-1.00E-18
637200,1.05E-17,1.05E-17,1.16E-16,1.14E-16,1.14E-16,-6.54E-17,-6.52E-17,-1.38E-18,-1.55E-18,-1.40E-18
640800,1.15E-17,1.15E-17,1.26E-16,1.24E-16,1.25E-16,-7.15E-17,-7.13E-17,-1.51E-18,-1.69E-18,-1.53E-18
644400,1.44E-17,1.44E-17,1.58E-16,1.55E-16,1.56E-16,8.93E-17,8.91E-17,1.89E-18,2.12E-18,1.92E-18
648000,1.14E-17,1.14E-17,1.25E-16,1.23E-16,1.23E-16,7.09E-17,7.06E-17,1.50E-18,1.68E-18,1.52E-18
651600,8.43E-18,8.43E-18,9.25E-17,9.09E-17,9.12E-17,5.23E-17,5.22E-17,1.11E-18,1.24E-18,1.12E-18
655200,5.45E-18,5.45E-18,5.98E-17,5.88E-17,5.90E-17,3.38E-17,3.37E-17,7.15E-19,8.01E-19,7.25E-19
658800,7.42E-18,7.42E-18,8.14E-17,8.00E-17,8.02E-17,-4.60E-17,-4.59E-17,-9.73E-19,-1.09E-18,-9.87E-19
662400,3.78E-20,3.75E-20,4.07E-19,4.00E-19,4.01E-19,2.36E-19,2.26E-19,4.92E-21,5.52E-21,5.02E-21
666000,2.94E-18,2.94E-18,3.23E-17,3.17E-17,3.18E-17,-1.83E-17,-1.82E-17,-3.86E-19,-4.33E-19,-3.92E-19
669600,5.92E-18,5.93E-18,6.50E-17,6.39E-17,6.41E-17,-3.68E-17,-3.67E-17,-7.77E-19,-8.71E-19,-7.89E-19
673200,8.90E-18,8.91E-18,9.77E-17,9.61E-17,9.63E-17,-5.53E-17,-5.51E-17,-1.17E-18,-1.31E-18,-1.19E-18
676800,9.90E-18,9.90E-18,1.09E-16,1.07E-16,1.07E-16,-6.14E-17,-6.13E-17,-1.30E-18,-1.46E-18,-1.32E-18
680400,1.60E-17,1.60E-17,1.76E-16,1.73E-16,1.73E-16,9.94E-17,9.92E-17,2.10E-18,2.35E-18,2.13E-18
684000,1.30E-17,1.30E-17,1.43E-16,1.41E-16,1.41E-16,8.09E-17,8.07E-17,1.71E-18,1.92E-18,1.74E-18
687600,5.21E-18,5.22E-18,5.72E-17,5.63E-17,5.64E-17,3.24E-17,3.23E-17,6.84E-19,7.67E-19,6.94E-19
691200,7.08E-18,7.08E-18,7.76E-17,7.63E-17,7.65E-17,4.39E-17,4.38E-17,9.28E-19,1.04E-18,9.42E-19
694800,4.09E-18,4.10E-18,4.49E-17,4.42E-17,4.43E-17,2.54E-17,2.54E-17,5.37E-19,6.02E-19,5.45E-19
698400,8.77E-18,8.77E-18,9.63E-17,9.46E-17,9.49E-17,-5.45E-17,-5.43E-17,-1.15E-18,-1.29E-18,-1.17E-18
702000,1.32E-18,1.32E-18,1.45E-17,1.42E-17,1.43E-17,-8.19E-18,-8.15E-18,-1.73E-19,-1.94E-19,-1.75E-19
705600,4.30E-18,4.30E-18,4.72E-17,4.64E-17,4.65E-17,-2.67E-17,-2.66E-17,-5.64E-19,-6.32E-19,-5.72E-19
709200,7.28E-18,7.28E-18,7.99E-17,7.85E-17,7.87E-17,-4.52E-17,-4.51E-17,-9.54E-19,-1.07E-18,-9.69E-19
712800,1.03E-17,1.03E-17,1.13E-16,1.11E-16,1.11E-16,-6.37E-17,-6.35E-17,-1.35E-18,-1.51E-18,-1.37E-18
716400,1.14E-17,1.14E-17,1.25E-16,1.23E-16,1.23E-16,-7.08E-17,-7.05E-17,-1.49E-18,-1.68E-18,-1.52E-18
720000,1.47E-17,1.47E-17,1.61E-16,1.58E-16,1.59E-16,9.10E-17,9.08E-17,1.92E-18,2.16E-18,1.95E-18
723600,1.17E-17,1.17E-17,1.28E-16,1.26E-16,1.26E-16,7.25E-17,7.23E-17,1.53E-18,1.72E-18,1.55E-18
727200,8.70E-18,8.70E-18,9.55E-17,9.39E-17,9.41E-17,5.40E-17,5.39E-17,1.14E-18,1.28E-18,1.16E-18
730800,1.59E-17,1.59E-17,1.75E-16,1.72E-16,1.72E-16,-9.88E-17,-9.86E-17,-2.09E-18,-2.34E-18,-2.12E-18
734400,7.15E-18,7.15E-18,7.84E-17,7.71E-17,7.73E-17,-4.44E-17,-4.42E-17,-9.37E-19,-1.05E-18,-9.51E-19
738000,3.09E-19,3.09E-19,3.39E-18,3.33E-18,3.34E-18,1.92E-18,1.91E-18,4.05E-20,4.54E-20,4.10E-20
741600,2.67E-18,2.67E-18,2.93E-17,2.88E-17,2.89E-17,-1.66E-17,-1.65E-17,-3.50E-19,-3.93E-19,-3.56E-19
745200,5.65E-18,5.65E-18,6.20E-17,6.10E-17,6.12E-17,-3.51E-17,-3.50E-17,-7.41E-19,-8.31E-19,-7.52E-19
748800,8.63E-18,8.64E-18,9.47E-17,9.31E-17,9.34E-17,-5.36E-17,-5.35E-17,-1.13E-18,-1.27E-18,-1.15E-18
752400,9.63E-18,9.63E-18,1.06E-16,1.04E-16,1.04E-16,-5.98E-17,-5.96E-17,-1.26E-18,-1.42E-18,-1.28E-18
756000,1.56E-17,1.56E-17,1.72E-16,1.69E-16,1.69E-16,9.70E-17,9.68E-17,2.05E-18,2.30E-18,2.08E-18
759600,1.33E-17,1.33E-17,1.46E-16,1.44E-16,1.44E-16,8.26E-17,8.24E-17,1.75E-18,1.96E-18,1.77E-18
763200,1.03E-17,1.03E-17,1.13E-16,1.11E-16,1.12E-16,6.41E-17,6.39E-17,1.35E-18,1.52E-18,1.37E-18
766800,7.35E-18,7.35E-18,8.06E-17,7.92E-17,7.95E-17,4.56E-17,4.55E-17,9.63E-19,1.08E-18,9.78E-19
770400,4.37E-18,4.37E-18,4.79E-17,4.71E-17,4.72E-17,2.71E-17,2.70E-17,5.72E-19,6.42E-19,5.81E-19
774000,8.50E-18,8.50E-18,9.33E-17,9.17E-17,9.20E-17,-5.28E-17,-5.26E-17,-1.11E-18,-1.25E-18,-1.13E-18
777600,1.05E-18,1.05E-18,1.15E-17,1.13E-17,1.13E-17,-6.50E-18,-6.47E-18,-1.37E-19,-1.54E-19,-1.39E-19
781200,6.72E-18,6.72E-18,7.37E-17,7.24E-17,7.27E-17,-4.17E-17,-4.17E-17,-8.81E-19,-9.88E-19,-8.94E-19
784800,7.01E-18,7.01E-18,7.69E-17,7.56E-17,7.58E-17,-4.35E-17,-4.34E-17,-9.19E-19,-1.03E-18,-9.33E-19
788400,1.21E-17,1.21E-17,1.33E-16,1.31E-16,1.31E-16,-7.52E-17,-7.50E-17,-1.59E-18,-1.78E-18,-1.61E-18
792000,1.10E-17,1.10E-17,1.20E-16,1.18E-16,1.19E-16,-6.82E-17,-6.80E-17,-1.44E-18,-1.61E-18,-1.46E-18
795600,1.49E-17,1.49E-17,1.64E-16,1.61E-16,1.62E-16,9.27E-17,9.25E-17,1.96E-18,2.20E-18,1.99E-18
799200,1.20E-17,1.20E-17,1.31E-16,1.29E-16,1.29E-16,7.42E-17,7.40E-17,1.57E-18,1.76E-18,1.59E-18
802800,8.97E-18,8.97E-18,9.85E-17,9.68E-17,9.71E-17,5.57E-17,5.56E-17,1.18E-18,1.32E-18,1.19E-18
806400,5.99E-18,5.99E-18,6.58E-17,6.46E-17,6.48E-17,3.72E-17,3.71E-17,7.86E-19,8.81E-19,7.98E-19
810000,6.87E-18,6.88E-18,7.54E-17,7.42E-17,7.44E-17,-4.27E-17,-4.26E-17,-9.01E-19,-1.01E-18,-9.15E-19
813600,5.80E-19,5.80E-19,6.36E-18,6.26E-18,6.27E-18,3.60E-18,3.59E-18,7.60E-20,8.53E-20,7.72E-20
817200,2.40E-18,2.40E-18,2.63E-17,2.59E-17,2.60E-17,-1.49E-17,-1.49E-17,-3.15E-19,-3.53E-19,-3.20E-19
820800,5.38E-18,5.38E-18,5.90E-17,5.80E-17,5.82E-17,-3.34E-17,-3.33E-17,-7.06E-19,-7.91E-19,-7.16E-19
824400,1.63E-17,1.63E-17,1.79E-16,1.76E-16,1.76E-16,1.01E-16,1.01E-16,2.14E-18,2.40E-18,2.17E-18
828000,9.35E-18,9.36E-18,1.03E-16,1.01E-16,1.01E-16,-5.81E-17,-5.79E-17,-1.23E-18,-1.38E-18,-1.25E-18
831600,1.66E-17,1.66E-17,1.82E-16,1.79E-16,1.79E-16,1.03E-16,1.03E-16,2.17E-18,2.43E-18,2.20E-18
835200,1.36E-17,1.36E-17,1.49E-16,1.46E-16,1.47E-16,8.43E-17,8.41E-17,1.78E-18,2.00E-18,1.81E-18
838800,1.06E-17,1.06E-17,1.16E-16,1.14E-16,1.15E-16,6.58E-17,6.56E-17,1.39E-18,1.56E-18,1.41E-18
842400,7.62E-18,7.62E-18,8.36E-17,8.22E-17,8.24E-17,4.73E-17,4.72E-17,9.99E-19,1.12E-18,1.01E-18
846000,4.64E-18,4.64E-18,5.09E-17,5.00E-17,5.02E-17,2.88E-17,2.87E-17,6.08E-19,6.82E-19,6.17E-19
849600,8.23E-18,8.23E-18,9.03E-17,8.88E-17,8.90E-17,-5.11E-17,-5.10E-17,-1.08E-18,-1.21E-18,-1.10E-18
853200,7.75E-19,7.75E-19,8.51E-18,8.36E-18,8.38E-18,-4.80E-18,-4.80E-18,-1.02E-19,-1.14E-19,-1.03E-19
856800,3.87E-18,3.87E-18,4.25E-17,4.17E-17,4.19E-17,-2.40E-17,-2.40E-17,-5.07E-19,-5.69E-19,-5.15E-19
860400,9.99E-18,9.99E-18,1.10E-16,1.08E-16,1.08E-16,6.20E-17,6.19E-17,1.31E-18,1.47E-18,1.33E-18
864000,9.72E-18,9.72E-18,1.07E-16,1.05E-16,1.05E-16,-6.03E-17,-6.02E-17,-1.27E-18,-1.43E-18,-1.29E-18
867600,1.07E-17,1.07E-17,1.18E-16,1.16E-16,1.16E-16,-6.65E-17,-6.63E-17,-1.40E-18,-1.57E-18,-1.43E-18
871200,1.52E-17,1.52E-17,1.67E-16,1.64E-16,1.64E-16,9.44E-17,9.41E-17,1.99E-18,2.24E-18,2.02E-18
874800,1.22E-17,1.22E-17,1.34E-16,1.32E-16,1.32E-16,7.59E-17,7.57E-17,1.60E-18,1.80E-18,1.63E-18
878400,9.24E-18,9.25E-18,1.01E-16,9.97E-17,1.00E-16,5.74E-17,5.72E-17,1.21E-18,1.36E-18,1.23E-18
882000,5.44E-18,5.44E-18,5.97E-17,5.87E-17,5.88E-17,-3.38E-17,-3.37E-17,-7.13E-19,-8.00E-19,-7.24E-19
885600,3.28E-18,3.28E-18,3.60E-17,3.54E-17,3.55E-17,2.04E-17,2.03E-17,4.30E-19,4.83E-19,4.37E-19
889200,8.52E-19,8.51E-19,9.34E-18,9.18E-18,9.21E-18,5.28E-18,5.27E-18,1.12E-19,1.25E-19,1.13E-19
892800,2.28E-18,2.28E-18,2.50E-17,2.46E-17,2.46E-17,-1.41E-17,-1.41E-17,-2.99E-19,-3.35E-19,-3.03E-19
896400,2.60E-18,2.60E-18,2.86E-17,2.81E-17,2.82E-17,1.61E-17,1.61E-17,3.41E-19,3.83E-19,3.46E-19
900000,7.62E-18,7.63E-18,8.37E-17,8.23E-17,8.25E-17,-4.73E-17,-4.72E-17,-1.00E-18,-1.12E-18,-1.02E-18
903600,9.08E-18,9.09E-18,9.97E-17,9.80E-17,9.83E-17,-5.64E-17,-5.62E-17,-1.19E-18,-1.34E-18,-1.21E-18
907200,2.16E-17,2.16E-17,2.37E-16,2.33E-16,2.33E-16,1.34E-16,1.34E-16,2.83E-18,3.17E-18,2.87E-18
910800,1.38E-17,1.39E-17,1.52E-16,1.49E-16,1.50E-16,8.60E-17,8.58E-17,1.82E-18,2.04E-18,1.84E-18
914400,1.09E-17,1.09E-17,1.19E-16,1.17E-16,1.18E-16,6.75E-17,6.73E-17,1.43E-18,1.60E-18,1.45E-18
918000,1.90E-19,1.90E-19,6.42E-19,5.81E-19,5.81E-19,1.48E-18,3.61E-19,6.06E-21,1.30E-20,1.47E-20
921600,3.76E-17,3.76E-17,4.13E-16,4.06E-16,4.07E-16,2.34E-16,2.34E-16,4.92E-18,5.53E-18,5.01E-18
925200,3.71E-18,3.70E-18,4.03E-17,3.94E-17,3.96E-17,-2.40E-17,-2.27E-17,-4.94E-19,-5.44E-19,-4.92E-19
928800,3.26E-17,3.27E-17,3.58E-16,3.52E-16,3.53E-16,2.04E-16,2.02E-16,4.28E-18,4.80E-18,4.35E-18
932400,5.17E-17,5.16E-17,5.66E-16,5.56E-16,5.57E-16,-3.22E-16,-3.18E-16,-6.79E-18,-7.59E-18,-6.86E-18
936000,1.46E-17,1.46E-17,1.60E-16,1.57E-16,1.57E-16,-9.05E-17,-9.00E-17,-1.91E-18,-2.14E-18,-1.94E-18
939600,4.25E-17,4.24E-17,4.65E-16,4.58E-16,4.59E-16,2.66E-16,2.63E-16,5.57E-18,6.23E-18,5.64E-18
943200,3.69E-17,3.70E-17,4.04E-16,3.98E-16,3.99E-16,2.26E-16,2.28E-16,4.84E-18,5.42E-18,4.91E-18
946800,6.01E-17,6.02E-17,6.60E-16,6.49E-16,6.51E-16,3.76E-16,3.76E-16,7.88E-18,8.81E-18,8.04E-18
950400,1.08E-16,1.08E-16,1.18E-15,1.16E-15,1.16E-15,6.69E-16,6.67E-16,1.41E-17,1.58E-17,1.43E-17
954000,9.28E-20,1.32E-19,1.17E-18,1.19E-18,1.11E-18,1.39E-18,1.41E-18,1.35E-20,1.32E-20,1.62E-20
957600,1.13E-17,1.16E-17,1.26E-16,1.24E-16,1.24E-16,-7.00E-17,-7.02E-17,-1.49E-18,-1.69E-18,-1.52E-18
961200,6.98E-18,6.97E-18,7.66E-17,7.53E-17,7.55E-17,4.33E-17,4.31E-17,9.14E-19,1.03E-18,9.28E-19
964800,2.11E-18,2.19E-18,2.31E-17,2.27E-17,2.28E-17,-1.29E-17,-1.26E-17,-2.79E-19,-3.13E-19,-2.85E-19
968400,2.89E-18,2.85E-18,3.15E-17,3.10E-17,3.10E-17,-1.80E-17,-1.85E-17,-3.78E-19,-4.21E-19,-3.86E-19
972000,2.84E-17,2.82E-17,3.11E-16,3.05E-16,3.06E-16,1.75E-16,1.77E-16,3.71E-18,4.16E-18,3.76E-18
975600,1.35E-17,1.35E-17,1.48E-16,1.46E-16,1.46E-16,-8.44E-17,-8.43E-17,-1.77E-18,-1.98E-18,-1.79E-18
979200,2.09E-17,2.12E-17,2.32E-16,2.28E-16,2.28E-16,-1.30E-16,-1.31E-16,-2.77E-18,-3.09E-18,-2.81E-18
982800,2.38E-18,2.35E-18,2.58E-17,2.53E-17,2.53E-17,1.55E-17,1.32E-17,2.93E-19,3.26E-19,2.96E-19
986400,7.49E-17,7.49E-17,8.23E-16,8.09E-16,8.11E-16,-4.59E-16,-4.62E-16,-9.81E-18,-1.10E-17,-9.97E-18
990000,1.39E-17,1.37E-17,1.52E-16,1.49E-16,1.49E-16,-8.72E-17,-8.55E-17,-1.82E-18,-2.04E-18,-1.85E-18
993600,4.03E-17,4.03E-17,4.42E-16,4.35E-16,4.36E-16,-2.51E-16,-2.51E-16,-5.28E-18,-5.93E-18,-5.37E-18
997200,1.94E-17,1.94E-17,2.13E-16,2.10E-16,2.10E-16,1.19E-16,1.21E-16,2.54E-18,2.85E-18,2.59E-18
1000800,9.40E-18,9.39E-18,1.03E-16,1.01E-16,1.02E-16,5.83E-17,5.82E-17,1.23E-18,1.38E-18,1.25E-18
1004400,4.73E-17,4.74E-17,5.19E-16,5.10E-16,5.12E-16,-2.95E-16,-2.93E-16,-6.22E-18,-6.95E-18,-6.31E-18
1008000,2.29E-17,2.29E-17,2.52E-16,2.48E-16,2.48E-16,-1.42E-16,-1.42E-16,-3.01E-18,-3.37E-18,-3.05E-18
1011600,4.10E-17,4.10E-17,4.49E-16,4.41E-16,4.42E-16,-2.54E-16,-2.54E-16,-5.39E-18,-6.04E-18,-5.44E-18
1015200,2.54E-18,2.49E-18,2.77E-17,2.73E-17,2.73E-17,1.54E-17,1.51E-17,3.28E-19,3.72E-19,3.38E-19
1018800,2.71E-17,2.73E-17,2.99E-16,2.94E-16,2.94E-16,-1.68E-16,-1.72E-16,-3.56E-18,-4.00E-18,-3.62E-18
1022400,2.12E-16,2.13E-16,2.33E-15,2.29E-15,2.30E-15,-1.32E-15,-1.31E-15,-2.79E-17,-3.13E-17,-2.83E-17
1026000,1.64E-17,1.64E-17,1.80E-16,1.76E-16,1.77E-16,1.02E-16,1.01E-16,2.15E-18,2.41E-18,2.18E-18
1029600,1.64E-18,1.58E-18,1.77E-17,1.74E-17,1.75E-17,-9.36E-18,-9.09E-18,-2.10E-19,-2.29E-19,-2.15E-19
1033200,1.08E-18,1.14E-18,1.13E-17,1.11E-17,1.10E-17,4.07E-18,6.17E-18,1.28E-19,1.45E-19,1.24E-19
1036800,2.34E-17,2.31E-17,2.55E-16,2.50E-16,2.51E-16,-1.43E-16,-1.44E-16,-3.05E-18,-3.42E-18,-3.09E-18
1040400,1.38E-18,1.45E-18,1.49E-17,1.44E-17,1.44E-17,-6.82E-18,-8.27E-18,-1.68E-19,-1.87E-19,-1.83E-19
1044000,2.36E-17,2.36E-17,2.59E-16,2.54E-16,2.55E-16,1.46E-16,1.47E-16,3.09E-18,3.47E-18,3.13E-18
1047600,6.81E-18,6.98E-18,7.59E-17,7.45E-17,7.46E-17,4.14E-17,4.05E-17,9.10E-19,1.01E-18,8.96E-19
1051200,8.31E-18,8.31E-18,9.12E-17,8.96E-17,8.99E-17,-5.13E-17,-5.10E-17,-1.09E-18,-1.22E-18,-1.11E-18
1054800,2.80E-17,2.81E-17,3.08E-16,3.03E-16,3.04E-16,1.74E-16,1.74E-16,3.67E-18,4.12E-18,3.74E-18
1058400,2.96E-17,2.96E-17,3.25E-16,3.19E-16,3.20E-16,-1.83E-16,-1.83E-16,-3.88E-18,-4.35E-18,-3.94E-18
1062000,2.37E-17,2.38E-17,2.61E-16,2.56E-16,2.57E-16,1.47E-16,1.46E-16,3.11E-18,3.50E-18,3.17E-18
1065600,9.53E-18,9.51E-18,1.05E-16,1.03E-16,1.03E-16,-5.90E-17,-5.91E-17,-1.25E-18,-1.40E-18,-1.26E-18
1069200,1.03E-17,1.03E-17,1.13E-16,1.11E-16,1.11E-16,-6.34E-17,-6.36E-17,-1.35E-18,-1.51E-18,-1.37E-18
1072800,6.58E-18,6.60E-18,7.16E-17,7.04E-17,7.08E-17,4.14E-17,4.24E-17,8.59E-19,9.66E-19,8.71E-19
1076400,5.27E-18,5.48E-18,5.79E-17,5.69E-17,5.72E-17,3.27E-17,3.26E-17,6.95E-19,7.78E-19,7.14E-19
1080000,4.58E-18,4.64E-18,5.07E-17,4.98E-17,4.99E-17,2.87E-17,2.88E-17,6.05E-19,6.77E-19,6.11E-19
1083600,5.28E-17,5.27E-17,5.79E-16,5.69E-16,5.70E-16,-3.23E-16,-3.25E-16,-6.91E-18,-7.77E-18,-7.03E-18
1087200,1.61E-17,1.62E-17,1.77E-16,1.74E-16,1.74E-16,-1.01E-16,-1.01E-16,-2.11E-18,-2.37E-18,-2.14E-18
1090800,4.32E-18,4.57E-18,4.68E-17,4.60E-17,4.63E-17,-2.85E-17,-2.57E-17,-5.79E-19,-6.32E-19,-5.65E-19
1094400,1.97E-17,1.97E-17,2.16E-16,2.12E-16,2.13E-16,1.23E-16,1.22E-16,2.58E-18,2.89E-18,2.62E-18
1098000,3.19E-17,3.20E-17,3.51E-16,3.45E-16,3.46E-16,1.99E-16,1.96E-16,4.19E-18,4.70E-18,4.24E-18
1101600,7.76E-18,7.65E-18,8.47E-17,8.33E-17,8.34E-17,4.88E-17,4.63E-17,1.00E-18,1.14E-18,1.02E-18
1105200,1.92E-17,1.93E-17,2.11E-16,2.08E-16,2.08E-16,1.20E-16,1.19E-16,2.52E-18,2.83E-18,2.56E-18
1108800,2.67E-17,2.66E-17,2.92E-16,2.87E-16,2.88E-16,-1.65E-16,-1.64E-16,-3.50E-18,-3.92E-18,-3.55E-18
1112400,6.20E-18,6.25E-18,6.85E-17,6.72E-17,6.75E-17,3.73E-17,3.88E-17,8.17E-19,9.20E-19,8.26E-19
1116000,2.25E-17,2.25E-17,2.47E-16,2.43E-16,2.44E-16,1.40E-16,1.40E-16,2.96E-18,3.31E-18,3.01E-18
1119600,2.92E-17,2.90E-17,3.19E-16,3.13E-16,3.14E-16,1.81E-16,1.81E-16,3.82E-18,4.28E-18,3.87E-18
1123200,2.02E-18,2.03E-18,2.23E-17,2.19E-17,2.20E-17,-1.28E-17,-1.25E-17,-2.65E-19,-2.96E-19,-2.67E-19
1126800,1.07E-17,1.07E-17,1.18E-16,1.16E-16,1.16E-16,6.61E-17,6.81E-17,1.40E-18,1.57E-18,1.43E-18
1130400,5.21E-18,5.17E-18,5.69E-17,5.59E-17,5.61E-17,3.21E-17,3.20E-17,6.81E-19,7.61E-19,6.88E-19
1134000,3.56E-17,3.55E-17,3.90E-16,3.84E-16,3.85E-16,2.21E-16,2.19E-16,4.66E-18,5.23E-18,4.74E-18
1137600,7.17E-18,7.13E-18,7.86E-17,7.72E-17,7.74E-17,4.40E-17,4.48E-17,9.40E-19,1.05E-18,9.55E-19
1141200,2.75E-17,2.76E-17,3.02E-16,2.97E-16,2.98E-16,-1.71E-16,-1.71E-16,-3.61E-18,-4.05E-18,-3.66E-18
1144800,4.40E-17,4.34E-17,4.79E-16,4.71E-16,4.72E-16,-2.67E-16,-2.69E-16,-5.72E-18,-6.44E-18,-5.82E-18
1148400,7.86E-19,7.89E-19,8.67E-18,8.56E-18,8.58E-18,5.09E-18,5.18E-18,1.04E-19,1.18E-19,1.03E-19
1152000,6.15E-18,6.16E-18,6.75E-17,6.63E-17,6.65E-17,3.83E-17,3.83E-17,8.06E-19,9.06E-19,8.19E-19
1155600,1.69E-18,1.64E-18,1.81E-17,1.78E-17,1.79E-17,-1.03E-17,-1.00E-17,-2.08E-19,-2.38E-19,-2.18E-19
1159200,1.66E-17,1.67E-17,1.82E-16,1.79E-16,1.80E-16,-1.03E-16,-1.02E-16,-2.18E-18,-2.45E-18,-2.21E-18
1162800,6.12E-18,6.11E-18,6.73E-17,6.63E-17,6.64E-17,3.74E-17,3.59E-17,8.04E-19,8.97E-19,8.04E-19
1166400,2.03E-17,2.04E-17,2.24E-16,2.20E-16,2.20E-16,1.27E-16,1.26E-16,2.66E-18,2.99E-18,2.72E-18
1170000,3.23E-17,3.24E-17,3.55E-16,3.49E-16,3.50E-16,2.02E-16,2.00E-16,4.25E-18,4.77E-18,4.29E-18
1173600,1.13E-16,1.13E-16,1.24E-15,1.22E-15,1.23E-15,-7.04E-16,-7.00E-16,-1.48E-17,-1.66E-17,-1.51E-17
1177200,2.18E-17,2.18E-17,2.39E-16,2.35E-16,2.36E-16,-1.35E-16,-1.35E-16,-2.86E-18,-3.21E-18,-2.90E-18
1180800,1.83E-17,1.83E-17,2.00E-16,1.97E-16,1.98E-16,1.13E-16,1.13E-16,2.40E-18,2.69E-18,2.43E-18
1184400,2.78E-17,2.78E-17,3.05E-16,3.00E-16,3.01E-16,-1.72E-16,-1.72E-16,-3.64E-18,-4.08E-18,-3.70E-18
1188000,1.61E-17,1.61E-17,1.77E-16,1.74E-16,1.74E-16,9.99E-17,9.96E-17,2.11E-18,2.37E-18,2.14E-18
1191600,1.70E-18,1.70E-18,1.87E-17,1.84E-17,1.84E-17,1.06E-17,1.05E-17,2.23E-19,2.50E-19,2.27E-19
1195200,3.07E-17,3.07E-17,3.36E-16,3.31E-16,3.32E-16,1.90E-16,1.90E-16,4.02E-18,4.51E-18,4.08E-18
1198800,1.12E-17,1.13E-17,1.23E-16,1.20E-16,1.21E-16,-7.07E-17,-6.82E-17,-1.47E-18,-1.63E-18,-1.47E-18
1202400,1.51E-16,1.51E-16,1.66E-15,1.63E-15,1.63E-15,9.37E-16,9.35E-16,1.98E-17,2.22E-17,2.01E-17
1206000,1.21E-16,1.21E-16,1.33E-15,1.31E-15,1.31E-15,7.53E-16,7.52E-16,1.59E-17,1.78E-17,1.62E-17
1209600,4.21E-17,4.20E-17,4.62E-16,4.54E-16,4.55E-16,-2.61E-16,-2.65E-16,-5.53E-18,-6.19E-18,-5.61E-18
1213200,9.23E-17,9.15E-17,1.00E-15,9.89E-16,9.92E-16,5.65E-16,5.66E-16,1.21E-17,1.35E-17,1.22E-17
1216800,3.70E-17,3.70E-17,4.06E-16,3.99E-16,4.00E-16,-2.29E-16,-2.29E-16,-4.85E-18,-5.43E-18,-4.92E-18
1220400,9.25E-17,9.26E-17,1.02E-15,9.98E-16,1.00E-15,5.73E-16,5.75E-16,1.21E-17,1.36E-17,1.23E-17
1224000,2.10E-16,2.11E-16,2.31E-15,2.27E-15,2.28E-15,-1.31E-15,-1.30E-15,-2.76E-17,-3.09E-17,-2.80E-17
1227600,8.76E-17,8.76E-17,9.61E-16,9.44E-16,9.47E-16,5.43E-16,5.43E-16,1.15E-17,1.29E-17,1.16E-17
1231200,2.62E-17,2.61E-17,2.87E-16,2.82E-16,2.83E-16,1.62E-16,1.62E-16,3.42E-18,3.84E-18,3.49E-18
1234800,2.68E-17,2.68E-17,2.93E-16,2.88E-16,2.89E-16,1.66E-16,1.66E-16,3.52E-18,3.95E-18,3.57E-18
1238400,1.49E-17,1.49E-17,1.64E-16,1.61E-16,1.61E-16,9.26E-17,9.24E-17,1.96E-18,2.19E-18,1.98E-18
1242000,2.00E-17,2.00E-17,2.19E-16,2.16E-16,2.17E-16,-1.24E-16,-1.22E-16,-2.61E-18,-2.93E-18,-2.65E-18
1245600,6.71E-17,6.69E-17,7.36E-16,7.24E-16,7.26E-16,4.13E-16,4.15E-16,8.79E-18,9.84E-18,8.91E-18
1249200,3.29E-19,1.52E-19,2.40E-18,2.29E-18,2.30E-18,5.80E-19,-1.76E-18,2.93E-20,3.18E-20,3.40E-20
1252800,2.15E-16,2.15E-16,2.36E-15,2.32E-15,2.32E-15,1.33E-15,1.33E-15,2.82E-17,3.16E-17,2.86E-17
1256400,1.03E-16,1.02E-16,1.13E-15,1.11E-15,1.11E-15,6.41E-16,6.40E-16,1.35E-17,1.51E-17,1.37E-17
1260000,4.16E-17,4.16E-17,4.56E-16,4.48E-16,4.50E-16,2.58E-16,2.57E-16,5.45E-18,6.11E-18,5.53E-18
1263600,4.07E-16,4.07E-16,4.47E-15,4.39E-15,4.41E-15,-2.53E-15,-2.52E-15,-5.34E-17,-5.99E-17,-5.42E-17
1267200,7.97E-17,7.99E-17,8.76E-16,8.61E-16,8.64E-16,4.95E-16,4.96E-16,1.05E-17,1.17E-17,1.06E-17
1270800,5.73E-17,5.73E-17,6.28E-16,6.17E-16,6.19E-16,-3.54E-16,-3.54E-16,-7.50E-18,-8.42E-18,-7.62E-18
1274400,3.17E-16,3.17E-16,3.48E-15,3.42E-15,3.43E-15,1.97E-15,1.96E-15,4.15E-17,4.66E-17,4.22E-17
1278000,7.63E-18,7.66E-18,8.37E-17,8.23E-17,8.25E-17,4.72E-17,4.84E-17,1.00E-18,1.12E-18,1.02E-18
1281600,6.14E-17,6.12E-17,6.72E-16,6.61E-16,6.63E-16,-3.79E-16,-3.81E-16,-8.03E-18,-9.00E-18,-8.15E-18
1285200,3.50E-17,3.50E-17,3.84E-16,3.77E-16,3.78E-16,2.17E-16,2.17E-16,4.59E-18,5.14E-18,4.66E-18
1288800,8.57E-18,8.62E-18,9.42E-17,9.26E-17,9.29E-17,-5.53E-17,-5.30E-17,-1.13E-18,-1.27E-18,-1.16E-18
1292400,7.80E-17,7.80E-17,8.56E-16,8.41E-16,8.44E-16,4.84E-16,4.83E-16,1.02E-17,1.15E-17,1.04E-17
1296000,1.78E-16,1.78E-16,1.96E-15,1.92E-15,1.93E-15,-1.11E-15,-1.10E-15,-2.34E-17,-2.62E-17,-2.37E-17
1299600,5.48E-17,5.48E-17,6.01E-16,5.91E-16,5.93E-16,3.41E-16,3.39E-16,7.19E-18,8.06E-18,7.29E-18
1303200,1.42E-16,1.42E-16,1.56E-15,1.53E-15,1.54E-15,-8.81E-16,-8.81E-16,-1.86E-17,-2.09E-17,-1.89E-17
1306800,2.27E-16,2.28E-16,2.50E-15,2.45E-15,2.46E-15,1.41E-15,1.41E-15,2.98E-17,3.34E-17,3.03E-17
1310400,6.33E-18,6.32E-18,6.96E-17,6.85E-17,6.86E-17,4.01E-17,3.84E-17,8.22E-19,9.22E-19,8.30E-19
1314000,8.32E-17,8.32E-17,9.13E-16,8.98E-16,9.01E-16,5.16E-16,5.16E-16,1.09E-17,1.22E-17,1.11E-17
1317600,5.58E-17,5.58E-17,6.12E-16,6.02E-16,6.03E-16,3.46E-16,3.45E-16,7.32E-18,8.21E-18,7.43E-18
1321200,2.39E-17,2.39E-17,2.62E-16,2.58E-16,2.59E-16,-1.48E-16,-1.48E-16,-3.14E-18,-3.52E-18,-3.18E-18
1324800,4.27E-17,4.27E-17,4.69E-16,4.61E-16,4.63E-16,2.66E-16,2.65E-16,5.60E-18,6.29E-18,5.69E-18
1328400,6.44E-17,6.42E-17,7.06E-16,6.94E-16,6.96E-16,-3.99E-16,-3.98E-16,-8.43E-18,-9.46E-18,-8.56E-18
1332000,1.81E-16,1.81E-16,1.99E-15,1.96E-15,1.96E-15,1.13E-15,1.12E-15,2.38E-17,2.67E-17,2.41E-17
1335600,2.65E-17,2.63E-17,2.89E-16,2.84E-16,2.85E-16,1.61E-16,1.63E-16,3.45E-18,3.89E-18,3.52E-18
1339200,2.42E-16,2.41E-16,2.65E-15,2.61E-15,2.61E-15,1.50E-15,1.50E-15,3.17E-17,3.55E-17,3.21E-17
1342800,8.45E-17,8.45E-17,9.27E-16,9.11E-16,9.14E-16,-5.25E-16,-5.24E-16,-1.11E-17,-1.24E-17,-1.12E-17
1346400,1.85E-16,1.85E-16,2.03E-15,1.99E-15,2.00E-15,1.15E-15,1.14E-15,2.42E-17,2.72E-17,2.46E-17
1350000,3.44E-17,3.44E-17,3.77E-16,3.71E-16,3.72E-16,2.13E-16,2.13E-16,4.51E-18,5.06E-18,4.58E-18
1353600,1.26E-16,1.26E-16,1.38E-15,1.36E-15,1.36E-15,-7.91E-16,-7.80E-16,-1.65E-17,-1.85E-17,-1.68E-17
1357200,2.44E-17,2.44E-17,2.67E-16,2.63E-16,2.64E-16,1.54E-16,1.51E-16,3.20E-18,3.59E-18,3.26E-18
1360800,2.07E-16,2.07E-16,2.27E-15,2.23E-15,2.24E-15,1.28E-15,1.28E-15,2.71E-17,3.04E-17,2.76E-17
1364400,7.44E-17,7.45E-17,8.17E-16,8.03E-16,8.05E-16,4.63E-16,4.61E-16,9.76E-18,1.09E-17,9.91E-18
1368000,3.31E-17,3.32E-17,3.64E-16,3.57E-16,3.59E-16,-2.06E-16,-2.06E-16,-4.35E-18,-4.88E-18,-4.41E-18
1371600,2.50E-17,2.51E-17,2.75E-16,2.70E-16,2.71E-16,-1.58E-16,-1.58E-16,-3.28E-18,-3.67E-18,-3.35E-18
1375200,8.28E-18,8.27E-18,9.09E-17,8.93E-17,8.96E-17,-5.14E-17,-5.12E-17,-1.09E-18,-1.22E-18,-1.10E-18
1378800,4.15E-16,4.15E-16,4.55E-15,4.48E-15,4.49E-15,2.58E-15,2.57E-15,5.44E-17,6.10E-17,5.53E-17
1382400,1.30E-17,1.30E-17,1.43E-16,1.40E-16,1.41E-16,-8.09E-17,-8.09E-17,-1.71E-18,-1.91E-18,-1.73E-18
1386000,4.65E-17,4.65E-17,5.10E-16,5.02E-16,5.03E-16,2.89E-16,2.88E-16,6.10E-18,6.84E-18,6.19E-18
1389600,5.85E-17,5.87E-17,6.42E-16,6.31E-16,6.33E-16,-3.67E-16,-3.63E-16,-7.68E-18,-8.62E-18,-7.80E-18
1393200,1.95E-17,1.95E-17,2.14E-16,2.10E-16,2.11E-16,-1.21E-16,-1.20E-16,-2.56E-18,-2.86E-18,-2.59E-18
1396800,2.89E-17,2.90E-17,3.17E-16,3.12E-16,3.13E-16,1.79E-16,1.79E-16,3.79E-18,4.25E-18,3.85E-18
1400400,2.12E-16,2.12E-16,2.33E-15,2.29E-15,2.29E-15,-1.32E-15,-1.31E-15,-2.78E-17,-3.12E-17,-2.82E-17
1404000,8.28E-17,8.28E-17,9.08E-16,8.93E-16,8.95E-16,5.14E-16,5.12E-16,1.09E-17,1.22E-17,1.10E-17
1407600,4.50E-17,4.50E-17,4.94E-16,4.85E-16,4.87E-16,-2.79E-16,-2.79E-16,-5.90E-18,-6.62E-18,-5.99E-18
1411200,1.88E-16,1.88E-16,2.07E-15,2.03E-15,2.04E-15,1.17E-15,1.16E-15,2.47E-17,2.77E-17,2.51E-17
1414800,1.15E-16,1.15E-16,1.26E-15,1.24E-15,1.25E-15,-7.15E-16,-7.12E-16,-1.51E-17,-1.69E-17,-1.53E-17
1418400,1.92E-16,1.92E-16,2.11E-15,2.07E-15,2.08E-15,1.19E-15,1.19E-15,2.52E-17,2.83E-17,2.56E-17
1422000,2.89E-17,2.89E-17,3.17E-16,3.12E-16,3.13E-16,-1.80E-16,-1.79E-16,-3.79E-18,-4.25E-18,-3.85E-18
1425600,4.62E-17,4.62E-17,5.07E-16,4.99E-16,5.00E-16,2.87E-16,2.86E-16,6.06E-18,6.80E-18,6.16E-18
1429200,9.77E-18,9.78E-18,1.07E-16,1.05E-16,1.06E-16,6.07E-17,6.05E-17,1.28E-18,1.44E-18,1.30E-18
1432800,2.64E-16,2.64E-16,2.90E-15,2.85E-15,2.86E-15,-1.64E-15,-1.63E-15,-3.46E-17,-3.88E-17,-3.52E-17
1436400,2.01E-16,2.01E-16,2.21E-15,2.17E-15,2.18E-15,1.25E-15,1.25E-15,2.64E-17,2.96E-17,2.68E-17
1440000,2.51E-17,2.51E-17,2.76E-16,2.71E-16,2.71E-16,-1.55E-16,-1.56E-16,-3.29E-18,-3.69E-18,-3.35E-18
1443600,1.68E-16,1.68E-16,1.84E-15,1.81E-15,1.81E-15,1.04E-15,1.03E-15,2.20E-17,2.46E-17,2.23E-17
1447200,8.79E-17,8.81E-17,9.66E-16,9.50E-16,9.52E-16,-5.47E-16,-5.46E-16,-1.15E-17,-1.29E-17,-1.17E-17
1450800,3.20E-16,3.20E-16,3.51E-15,3.45E-15,3.46E-15,1.98E-15,1.98E-15,4.19E-17,4.70E-17,4.26E-17
1454400,3.12E-17,3.13E-17,3.42E-16,3.36E-16,3.38E-16,-1.95E-16,-1.94E-16,-4.10E-18,-4.59E-18,-4.15E-18
1458000,1.65E-16,1.65E-16,1.81E-15,1.78E-15,1.79E-15,1.03E-15,1.02E-15,2.17E-17,2.43E-17,2.20E-17
1461600,1.08E-16,1.08E-16,1.19E-15,1.17E-15,1.17E-15,-6.72E-16,-6.70E-16,-1.42E-17,-1.59E-17,-1.44E-17
1465200,1.10E-17,1.10E-17,1.20E-16,1.18E-16,1.19E-16,-6.82E-17,-6.80E-17,-1.44E-18,-1.61E-18,-1.46E-18
1468800,9.20E-18,9.20E-18,1.01E-16,9.91E-17,9.94E-17,-5.70E-17,-5.69E-17,-1.21E-18,-1.35E-18,-1.22E-18
1472400,1.12E-16,1.12E-16,1.23E-15,1.21E-15,1.21E-15,-6.95E-16,-6.89E-16,-1.46E-17,-1.64E-17,-1.49E-17
1476000,2.28E-16,2.28E-16,2.50E-15,2.46E-15,2.47E-15,1.42E-15,1.41E-15,2.99E-17,3.36E-17,3.04E-17
1479600,7.77E-17,7.77E-17,8.52E-16,8.38E-16,8.40E-16,-4.82E-16,-4.81E-16,-1.02E-17,-1.14E-17,-1.03E-17
1483200,1.77E-16,1.78E-16,1.95E-15,1.91E-15,1.92E-15,1.10E-15,1.10E-15,2.33E-17,2.61E-17,2.36E-17
1486800,1.84E-16,1.84E-16,2.02E-15,1.98E-15,1.99E-15,-1.14E-15,-1.14E-15,-2.41E-17,-2.70E-17,-2.44E-17
1490400,3.20E-18,3.32E-18,3.44E-17,3.39E-17,3.40E-17,2.25E-17,2.52E-17,4.21E-19,4.68E-19,4.01E-19
1494000,1.04E-16,1.04E-16,1.14E-15,1.12E-15,1.13E-15,-6.48E-16,-6.46E-16,-1.37E-17,-1.53E-17,-1.39E-17
1497600,4.05E-17,4.05E-17,4.44E-16,4.37E-16,4.38E-16,2.52E-16,2.50E-16,5.31E-18,5.95E-18,5.40E-18
1501200,2.05E-17,2.05E-17,2.25E-16,2.21E-16,2.22E-16,-1.27E-16,-1.27E-16,-2.69E-18,-3.01E-18,-2.73E-18
1504800,7.57E-18,7.81E-18,8.43E-17,8.30E-17,8.32E-17,-4.83E-17,-4.79E-17,-1.00E-18,-1.13E-18,-1.02E-18
1508400,1.12E-17,1.12E-17,1.23E-16,1.21E-16,1.21E-16,6.93E-17,6.91E-17,1.46E-18,1.64E-18,1.49E-18
1512000,1.20E-16,1.20E-16,1.31E-15,1.29E-15,1.30E-15,7.45E-16,7.38E-16,1.57E-17,1.76E-17,1.59E-17
1515600,1.13E-16,1.13E-16,1.24E-15,1.22E-15,1.22E-15,6.99E-16,6.98E-16,1.48E-17,1.66E-17,1.50E-17
1519200,8.63E-17,8.63E-17,9.47E-16,9.31E-16,9.34E-16,-5.36E-16,-5.34E-16,-1.13E-17,-1.27E-17,-1.15E-17
1522800,5.49E-17,5.49E-17,6.02E-16,5.92E-16,5.94E-16,3.42E-16,3.40E-16,7.20E-18,8.07E-18,7.31E-18
1526400,1.97E-17,2.01E-17,2.18E-16,2.14E-16,2.15E-16,-1.23E-16,-1.24E-16,-2.62E-18,-2.94E-18,-2.65E-18
1530000,1.68E-16,1.68E-16,1.85E-15,1.81E-15,1.82E-15,1.05E-15,1.04E-15,2.21E-17,2.47E-17,2.24E-17
1533600,5.19E-17,5.20E-17,5.70E-16,5.60E-16,5.62E-16,-3.23E-16,-3.21E-16,-6.81E-18,-7.64E-18,-6.91E-18
1537200,2.94E-18,2.91E-18,3.15E-17,3.11E-17,3.11E-17,-1.72E-17,-1.77E-17,-3.82E-19,-4.30E-19,-3.87E-19
1540800,4.46E-18,4.42E-18,4.89E-17,4.81E-17,4.81E-17,-2.72E-17,-2.64E-17,-5.81E-19,-6.48E-19,-5.86E-19
1544400,4.25E-17,4.25E-17,4.66E-16,4.59E-16,4.60E-16,-2.64E-16,-2.63E-16,-5.57E-18,-6.25E-18,-5.66E-18
1548000,1.50E-16,1.50E-16,1.65E-15,1.62E-15,1.63E-15,9.33E-16,9.30E-16,1.97E-17,2.21E-17,2.00E-17
1551600,4.45E-17,4.43E-17,4.87E-16,4.79E-16,4.80E-16,-2.75E-16,-2.75E-16,-5.82E-18,-6.53E-18,-5.91E-18
1555200,6.43E-17,6.43E-17,7.05E-16,6.93E-16,6.95E-16,3.99E-16,3.98E-16,8.43E-18,9.45E-18,8.56E-18
1558800,6.81E-17,6.82E-17,7.48E-16,7.35E-16,7.37E-16,-4.24E-16,-4.22E-16,-8.93E-18,-1.00E-17,-9.07E-18
1562400,7.00E-17,7.01E-17,7.69E-16,7.56E-16,7.58E-16,4.35E-16,4.34E-16,9.19E-18,1.03E-17,9.32E-18
1566000,5.05E-17,5.05E-17,5.54E-16,5.45E-16,5.46E-16,-3.12E-16,-3.12E-16,-6.62E-18,-7.41E-18,-6.73E-18
1569600,3.86E-16,3.86E-16,4.24E-15,4.16E-15,4.18E-15,2.40E-15,2.39E-15,5.06E-17,5.67E-17,5.14E-17
1573200,1.14E-15,1.14E-15,1.25E-14,1.23E-14,1.23E-14,7.02E-15,7.06E-15,1.49E-16,1.67E-16,1.52E-16
1576800,1.04E-17,1.04E-17,1.14E-16,1.12E-16,1.12E-16,6.44E-17,6.40E-17,1.36E-18,1.52E-18,1.38E-18
1580400,9.80E-17,9.81E-17,1.08E-15,1.06E-15,1.06E-15,-6.08E-16,-6.05E-16,-1.29E-17,-1.44E-17,-1.31E-17
1584000,1.93E-16,1.93E-16,2.11E-15,2.08E-15,2.08E-15,-1.20E-15,-1.19E-15,-2.53E-17,-2.83E-17,-2.57E-17
1587600,1.02E-16,1.02E-16,1.12E-15,1.10E-15,1.10E-15,6.29E-16,6.31E-16,1.33E-17,1.50E-17,1.36E-17
1591200,2.24E-17,2.24E-17,2.46E-16,2.42E-16,2.43E-16,-1.39E-16,-1.39E-16,-2.94E-18,-3.30E-18,-2.98E-18
1594800,8.64E-17,8.64E-17,9.48E-16,9.32E-16,9.35E-16,5.36E-16,5.35E-16,1.13E-17,1.27E-17,1.15E-17
1598400,2.74E-16,2.74E-16,3.01E-15,2.96E-15,2.96E-15,-1.70E-15,-1.70E-15,-3.59E-17,-4.03E-17,-3.65E-17
1602000,7.53E-17,7.53E-17,8.26E-16,8.12E-16,8.15E-16,4.68E-16,4.66E-16,9.88E-18,1.11E-17,1.00E-17
1605600,8.66E-17,8.65E-17,9.50E-16,9.34E-16,9.36E-16,-5.37E-16,-5.35E-16,-1.13E-17,-1.27E-17,-1.15E-17
1609200,3.56E-17,3.56E-17,3.90E-16,3.84E-16,3.85E-16,2.21E-16,2.20E-16,4.66E-18,5.23E-18,4.73E-18
1612800,4.06E-17,4.08E-17,4.45E-16,4.38E-16,4.39E-16,-2.58E-16,-2.49E-16,-5.33E-18,-5.98E-18,-5.39E-18
1616400,1.40E-17,1.40E-17,1.53E-16,1.51E-16,1.51E-16,8.67E-17,8.67E-17,1.83E-18,2.05E-18,1.86E-18
1620000,2.84E-17,2.84E-17,3.11E-16,3.05E-16,3.06E-16,-1.75E-16,-1.77E-16,-3.73E-18,-4.17E-18,-3.78E-18
1623600,2.64E-17,2.65E-17,2.90E-16,2.85E-16,2.86E-16,-1.64E-16,-1.64E-16,-3.47E-18,-3.89E-18,-3.52E-18
1627200,5.05E-17,5.05E-17,5.54E-16,5.45E-16,5.47E-16,3.14E-16,3.13E-16,6.62E-18,7.43E-18,6.72E-18
1630800,4.87E-17,4.90E-17,5.36E-16,5.27E-16,5.28E-16,-3.05E-16,-3.03E-16,-6.42E-18,-7.18E-18,-6.50E-18
1634400,1.13E-16,1.13E-16,1.24E-15,1.22E-15,1.22E-15,7.02E-16,7.01E-16,1.48E-17,1.66E-17,1.51E-17
1638000,1.44E-16,1.44E-16,1.58E-15,1.56E-15,1.56E-15,-8.89E-16,-8.91E-16,-1.89E-17,-2.11E-17,-1.92E-17
1641600,3.15E-17,3.15E-17,3.46E-16,3.40E-16,3.41E-16,1.95E-16,1.95E-16,4.13E-18,4.63E-18,4.19E-18
1645200,1.42E-16,1.42E-16,1.55E-15,1.53E-15,1.53E-15,-8.79E-16,-8.77E-16,-1.86E-17,-2.08E-17,-1.89E-17
1648800,1.69E-17,1.69E-17,1.85E-16,1.82E-16,1.83E-16,1.05E-16,1.05E-16,2.21E-18,2.48E-18,2.25E-18
1652400,1.71E-16,1.71E-16,1.88E-15,1.85E-15,1.85E-15,-1.07E-15,-1.06E-15,-2.24E-17,-2.52E-17,-2.28E-17
1656000,2.54E-16,2.54E-16,2.79E-15,2.74E-15,2.75E-15,1.58E-15,1.57E-15,3.33E-17,3.74E-17,3.38E-17
1659600,6.54E-18,6.53E-18,7.17E-17,7.05E-17,7.07E-17,4.06E-17,4.04E-17,8.57E-19,9.61E-19,8.70E-19
1663200,7.73E-17,7.73E-17,8.48E-16,8.33E-16,8.36E-16,4.71E-16,4.81E-16,1.02E-17,1.14E-17,1.03E-17
1666800,7.96E-18,7.89E-18,8.68E-17,8.53E-17,8.57E-17,-5.17E-17,-4.87E-17,-1.04E-18,-1.17E-18,-1.06E-18
1670400,9.41E-17,9.40E-17,1.03E-15,1.01E-15,1.02E-15,-5.84E-16,-5.82E-16,-1.23E-17,-1.38E-17,-1.25E-17
1674000,1.37E-16,1.37E-16,1.50E-15,1.48E-15,1.48E-15,8.50E-16,8.48E-16,1.80E-17,2.01E-17,1.82E-17
1677600,6.59E-17,6.59E-17,7.23E-16,7.11E-16,7.13E-16,4.09E-16,4.08E-16,8.64E-18,9.69E-18,8.78E-18
1681200,3.77E-17,3.77E-17,4.14E-16,4.07E-16,4.08E-16,2.34E-16,2.33E-16,4.95E-18,5.55E-18,5.02E-18
1684800,1.27E-17,1.27E-17,1.39E-16,1.37E-16,1.37E-16,-7.89E-17,-7.87E-17,-1.67E-18,-1.87E-18,-1.69E-18
1688400,3.34E-16,3.35E-16,3.67E-15,3.61E-15,3.62E-15,2.08E-15,2.07E-15,4.39E-17,4.92E-17,4.45E-17
1692000,1.85E-16,1.85E-16,2.03E-15,2.00E-15,2.00E-15,-1.15E-15,-1.15E-15,-2.43E-17,-2.72E-17,-2.46E-17
1695600,2.57E-16,2.63E-16,2.85E-15,2.80E-15,2.81E-15,1.54E-15,1.57E-15,3.39E-17,3.88E-17,3.53E-17
1699200,3.84E-17,3.84E-17,4.21E-16,4.14E-16,4.15E-16,2.39E-16,2.38E-16,5.04E-18,5.65E-18,5.11E-18
1702800,6.50E-17,6.51E-17,7.14E-16,7.01E-16,7.04E-16,-4.04E-16,-4.03E-16,-8.53E-18,-9.56E-18,-8.66E-18
1706400,8.32E-17,8.32E-17,9.13E-16,8.97E-16,9.00E-16,5.16E-16,5.17E-16,1.09E-17,1.22E-17,1.11E-17
1710000,2.02E-16,2.02E-16,2.22E-15,2.18E-15,2.18E-15,-1.25E-15,-1.25E-15,-2.65E-17,-2.97E-17,-2.69E-17
1713600,2.70E-16,2.70E-16,2.96E-15,2.91E-15,2.92E-15,1.67E-15,1.67E-15,3.54E-17,3.97E-17,3.59E-17
1717200,6.99E-17,6.99E-17,7.67E-16,7.54E-16,7.56E-16,-4.34E-16,-4.33E-16,-9.16E-18,-1.03E-17,-9.30E-18
1720800,5.73E-17,5.73E-17,6.29E-16,6.19E-16,6.20E-16,3.56E-16,3.55E-16,7.52E-18,8.43E-18,7.63E-18
1724400,2.45E-17,2.45E-17,2.68E-16,2.64E-16,2.65E-16,-1.52E-16,-1.51E-16,-3.21E-18,-3.60E-18,-3.25E-18
1728000,1.81E-17,1.81E-17,1.98E-16,1.95E-16,1.95E-16,1.12E-16,1.12E-16,2.37E-18,2.65E-18,2.40E-18
1731600,2.84E-18,2.66E-18,3.03E-17,2.95E-17,2.97E-17,1.71E-17,1.65E-17,3.62E-19,4.13E-19,3.81E-19
1735200,3.76E-17,3.76E-17,4.12E-16,4.05E-16,4.07E-16,-2.33E-16,-2.33E-16,-4.93E-18,-5.53E-18,-5.01E-18
1738800,2.74E-16,2.74E-16,3.01E-15,2.96E-15,2.96E-15,-1.70E-15,-1.70E-15,-3.59E-17,-4.03E-17,-3.65E-17
1742400,1.05E-16,1.05E-16,1.15E-15,1.13E-15,1.13E-15,-6.50E-16,-6.48E-16,-1.37E-17,-1.54E-17,-1.39E-17
1746000,1.26E-16,1.26E-16,1.38E-15,1.36E-15,1.36E-15,7.82E-16,7.80E-16,1.65E-17,1.85E-17,1.68E-17
1749600,6.60E-17,6.60E-17,7.25E-16,7.12E-16,7.14E-16,-4.10E-16,-4.08E-16,-8.66E-18,-9.71E-18,-8.79E-18
1753200,2.10E-16,2.10E-16,2.30E-15,2.27E-15,2.27E-15,1.30E-15,1.30E-15,2.75E-17,3.09E-17,2.80E-17
1756800,1.02E-16,1.02E-16,1.12E-15,1.10E-15,1.10E-15,-6.33E-16,-6.31E-16,-1.34E-17,-1.50E-17,-1.36E-17
1760400,2.58E-17,2.58E-17,2.83E-16,2.78E-16,2.79E-16,1.60E-16,1.60E-16,3.38E-18,3.79E-18,3.43E-18
1764000,2.02E-16,2.02E-16,2.22E-15,2.18E-15,2.19E-15,1.25E-15,1.25E-15,2.65E-17,2.97E-17,2.69E-17
1767600,3.93E-17,3.89E-17,4.28E-16,4.21E-16,4.23E-16,-2.44E-16,-2.43E-16,-5.11E-18,-5.76E-18,-5.25E-18
1771200,8.85E-18,8.92E-18,9.69E-17,9.53E-17,9.54E-17,5.48E-17,5.59E-17,1.16E-18,1.30E-18,1.18E-18
1774800,6.02E-16,6.02E-16,6.61E-15,6.50E-15,6.51E-15,3.74E-15,3.72E-15,7.90E-17,8.85E-17,8.02E-17
1778400,2.34E-17,2.34E-17,2.57E-16,2.52E-16,2.53E-16,-1.45E-16,-1.46E-16,-3.07E-18,-3.44E-18,-3.12E-18
1782000,5.55E-17,5.55E-17,6.09E-16,5.99E-16,6.00E-16,-3.43E-16,-3.44E-16,-7.28E-18,-8.15E-18,-7.38E-18
1785600,4.59E-17,4.59E-17,5.03E-16,4.95E-16,4.96E-16,2.85E-16,2.84E-16,6.01E-18,6.74E-18,6.10E-18
1789200,5.52E-17,5.50E-17,6.06E-16,5.95E-16,5.97E-16,-3.42E-16,-3.41E-16,-7.23E-18,-8.11E-18,-7.35E-18
1792800,1.67E-16,1.67E-16,1.84E-15,1.81E-15,1.81E-15,1.04E-15,1.04E-15,2.20E-17,2.46E-17,2.23E-17
1796400,9.47E-17,9.48E-17,1.04E-15,1.02E-15,1.02E-15,-5.89E-16,-5.87E-16,-1.24E-17,-1.39E-17,-1.26E-17
1800000,3.64E-17,3.64E-17,3.99E-16,3.92E-16,3.93E-16,2.26E-16,2.25E-16,4.77E-18,5.35E-18,4.84E-18
1803600,9.29E-17,9.30E-17,1.02E-15,1.00E-15,1.00E-15,-5.77E-16,-5.75E-16,-1.22E-17,-1.37E-17,-1.24E-17
1807200,1.15E-16,1.16E-16,1.27E-15,1.25E-15,1.25E-15,7.17E-16,7.15E-16,1.51E-17,1.70E-17,1.54E-17
1810800,1.81E-16,1.81E-16,1.99E-15,1.95E-15,1.96E-15,1.12E-15,1.12E-15,2.37E-17,2.66E-17,2.41E-17
1814400,5.33E-17,5.31E-17,5.83E-16,5.73E-16,5.74E-16,-3.31E-16,-3.28E-16,-6.98E-18,-7.83E-18,-7.06E-18
1818000,3.87E-16,3.87E-16,4.24E-15,4.17E-15,4.18E-15,2.40E-15,2.39E-15,5.07E-17,5.69E-17,5.15E-17
1821600,8.55E-17,8.55E-17,9.38E-16,9.23E-16,9.25E-16,-5.31E-16,-5.30E-16,-1.12E-17,-1.26E-17,-1.14E-17
1825200,1.04E-16,1.04E-16,1.14E-15,1.13E-15,1.13E-15,6.48E-16,6.46E-16,1.37E-17,1.53E-17,1.39E-17
1828800,1.01E-16,1.01E-16,1.11E-15,1.09E-15,1.09E-15,-6.27E-16,-6.27E-16,-1.33E-17,-1.49E-17,-1.35E-17
1832400,2.12E-16,2.12E-16,2.32E-15,2.28E-15,2.29E-15,1.31E-15,1.31E-15,2.78E-17,3.11E-17,2.82E-17
1836000,7.06E-17,7.05E-17,7.74E-16,7.61E-16,7.64E-16,-4.36E-16,-4.37E-16,-9.25E-18,-1.04E-17,-9.41E-18
1839600,9.67E-17,9.68E-17,1.06E-15,1.04E-15,1.05E-15,6.01E-16,6.00E-16,1.27E-17,1.42E-17,1.29E-17
1843200,2.57E-17,2.57E-17,2.82E-16,2.78E-16,2.78E-16,-1.60E-16,-1.59E-16,-3.37E-18,-3.79E-18,-3.43E-18
1846800,9.99E-17,1.00E-16,1.10E-15,1.08E-15,1.08E-15,-6.21E-16,-6.18E-16,-1.31E-17,-1.47E-17,-1.33E-17
1850400,4.80E-17,4.80E-17,5.27E-16,5.18E-16,5.19E-16,2.98E-16,2.97E-16,6.29E-18,7.06E-18,6.39E-18
1854000,2.86E-17,2.86E-17,3.14E-16,3.08E-16,3.09E-16,1.78E-16,1.78E-16,3.75E-18,4.20E-18,3.82E-18
1857600,9.40E-17,9.42E-17,1.03E-15,1.02E-15,1.02E-15,5.85E-16,5.83E-16,1.23E-17,1.38E-17,1.25E-17
1861200,1.06E-16,1.06E-16,1.16E-15,1.14E-15,1.14E-15,-6.56E-16,-6.54E-16,-1.38E-17,-1.55E-17,-1.41E-17
1864800,1.35E-16,1.35E-16,1.48E-15,1.45E-15,1.46E-15,8.35E-16,8.33E-16,1.76E-17,1.98E-17,1.79E-17
1868400,1.33E-17,1.34E-17,1.47E-16,1.44E-16,1.45E-16,-8.40E-17,-8.13E-17,-1.75E-18,-1.96E-18,-1.78E-18
1872000,8.09E-17,8.10E-17,8.88E-16,8.73E-16,8.75E-16,5.04E-16,5.00E-16,1.06E-17,1.19E-17,1.08E-17
1875600,1.29E-16,1.29E-16,1.42E-15,1.39E-15,1.40E-15,-8.01E-16,-7.98E-16,-1.69E-17,-1.90E-17,-1.72E-17
1879200,5.49E-17,5.50E-17,6.03E-16,5.93E-16,5.95E-16,3.41E-16,3.41E-16,7.21E-18,8.09E-18,7.32E-18
1882800,3.92E-19,4.11E-19,4.25E-18,4.18E-18,4.21E-18,-2.48E-18,-1.83E-18,-4.94E-20,-5.39E-20,-5.54E-20
1886400,2.92E-17,2.91E-17,3.20E-16,3.14E-16,3.15E-16,-1.81E-16,-1.80E-16,-3.82E-18,-4.27E-18,-3.88E-18
1890000,2.00E-15,2.00E-15,2.19E-14,2.16E-14,2.16E-14,-1.24E-14,-1.24E-14,-2.62E-16,-2.94E-16,-2.66E-16
1893600,4.50E-17,4.50E-17,4.94E-16,4.86E-16,4.87E-16,-2.80E-16,-2.79E-16,-5.90E-18,-6.62E-18,-5.99E-18
1897200,1.51E-16,1.52E-16,1.66E-15,1.64E-15,1.64E-15,9.40E-16,9.40E-16,1.99E-17,2.23E-17,2.02E-17
1900800,1.10E-16,1.09E-16,1.20E-15,1.18E-15,1.18E-15,6.80E-16,6.79E-16,1.44E-17,1.61E-17,1.46E-17
1904400,5.30E-17,5.30E-17,5.81E-16,5.71E-16,5.73E-16,3.29E-16,3.28E-16,6.94E-18,7.79E-18,7.05E-18
1908000,3.07E-16,3.07E-16,3.36E-15,3.31E-15,3.32E-15,-1.90E-15,-1.90E-15,-4.02E-17,-4.51E-17,-4.08E-17
1911600,9.67E-17,9.64E-17,1.06E-15,1.04E-15,1.04E-15,5.92E-16,5.95E-16,1.27E-17,1.42E-17,1.29E-17
1915200,1.44E-17,1.44E-17,1.58E-16,1.55E-16,1.56E-16,-8.90E-17,-8.88E-17,-1.88E-18,-2.11E-18,-1.91E-18
1918800,3.39E-18,3.37E-18,3.71E-17,3.65E-17,3.66E-17,2.10E-17,2.11E-17,4.44E-19,4.98E-19,4.50E-19
1922400,2.68E-17,2.68E-17,2.93E-16,2.88E-16,2.89E-16,-1.67E-16,-1.65E-16,-3.51E-18,-3.94E-18,-3.56E-18
1926000,1.76E-17,1.77E-17,1.94E-16,1.90E-16,1.91E-16,-1.10E-16,-1.09E-16,-2.31E-18,-2.59E-18,-2.35E-18
1929600,3.97E-17,3.98E-17,4.36E-16,4.29E-16,4.30E-16,2.47E-16,2.46E-16,5.21E-18,5.85E-18,5.29E-18
1933200,5.25E-17,5.25E-17,5.76E-16,5.66E-16,5.68E-16,-3.26E-16,-3.25E-16,-6.88E-18,-7.72E-18,-6.99E-18
1936800,1.93E-16,1.93E-16,2.12E-15,2.08E-15,2.09E-15,1.20E-15,1.19E-15,2.53E-17,2.84E-17,2.57E-17
1940400,1.32E-16,1.32E-16,1.45E-15,1.42E-15,1.43E-15,-8.19E-16,-8.17E-16,-1.73E-17,-1.94E-17,-1.76E-17
1944000,1.34E-16,1.34E-16,1.47E-15,1.44E-15,1.45E-15,8.31E-16,8.28E-16,1.75E-17,1.97E-17,1.78E-17
1947600,3.95E-17,3.95E-17,4.33E-16,4.25E-16,4.27E-16,2.47E-16,2.45E-16,5.17E-18,5.80E-18,5.27E-18
1951200,3.85E-16,3.85E-16,4.23E-15,4.16E-15,4.17E-15,2.39E-15,2.39E-15,5.05E-17,5.66E-17,5.13E-17
1954800,2.10E-16,2.11E-16,2.31E-15,2.27E-15,2.27E-15,1.31E-15,1.31E-15,2.76E-17,3.10E-17,2.81E-17
1958400,2.38E-18,2.38E-18,2.61E-17,2.56E-17,2.57E-17,1.47E-17,1.46E-17,3.12E-19,3.49E-19,3.17E-19
1962000,1.46E-17,1.46E-17,1.60E-16,1.58E-16,1.58E-16,8.99E-17,8.99E-17,1.92E-18,2.16E-18,1.94E-18
1965600,1.18E-16,1.18E-16,1.29E-15,1.27E-15,1.28E-15,-7.33E-16,-7.29E-16,-1.55E-17,-1.73E-17,-1.57E-17
1969200,3.77E-17,3.78E-17,4.14E-16,4.07E-16,4.08E-16,2.35E-16,2.34E-16,4.95E-18,5.55E-18,5.03E-18
1972800,5.02E-16,5.02E-16,5.51E-15,5.42E-15,5.43E-15,-3.12E-15,-3.11E-15,-6.59E-17,-7.38E-17,-6.69E-17
1976400,9.39E-17,9.40E-17,1.03E-15,1.01E-15,1.02E-15,5.84E-16,5.81E-16,1.23E-17,1.38E-17,1.25E-17
1980000,1.31E-16,1.31E-16,1.44E-15,1.41E-15,1.42E-15,-8.13E-16,-8.09E-16,-1.72E-17,-1.92E-17,-1.74E-17
1983600,2.27E-16,2.27E-16,2.49E-15,2.45E-15,2.46E-15,1.41E-15,1.40E-15,2.98E-17,3.34E-17,3.02E-17
1987200,3.98E-17,3.98E-17,4.37E-16,4.29E-16,4.30E-16,-2.47E-16,-2.45E-16,-5.22E-18,-5.84E-18,-5.30E-18
1990800,4.95E-17,4.95E-17,5.43E-16,5.34E-16,5.35E-16,3.08E-16,3.06E-16,6.49E-18,7.28E-18,6.58E-18
1994400,1.60E-17,1.60E-17,1.75E-16,1.72E-16,1.73E-16,-9.84E-17,-1.00E-16,-2.10E-18,-2.35E-18,-2.13E-18
1998000,1.07E-17,1.07E-17,1.18E-16,1.16E-16,1.16E-16,-6.66E-17,-6.64E-17,-1.41E-18,-1.58E-18,-1.43E-18
2001600,1.61E-17,1.61E-17,1.76E-16,1.73E-16,1.74E-16,-1.00E-16,-9.97E-17,-2.11E-18,-2.36E-18,-2.15E-18
2005200,3.02E-17,3.01E-17,3.31E-16,3.25E-16,3.26E-16,-1.87E-16,-1.87E-16,-3.95E-18,-4.43E-18,-4.01E-18
2008800,8.15E-17,8.15E-17,8.94E-16,8.79E-16,8.81E-16,5.05E-16,5.05E-16,1.07E-17,1.20E-17,1.08E-17
2012400,4.50E-17,4.50E-17,4.94E-16,4.85E-16,4.87E-16,-2.79E-16,-2.79E-16,-5.90E-18,-6.62E-18,-5.99E-18
2016000,1.47E-16,1.47E-16,1.61E-15,1.58E-15,1.59E-15,9.11E-16,9.09E-16,1.93E-17,2.16E-17,1.95E-17
2019600,2.68E-16,2.68E-16,2.94E-15,2.89E-15,2.90E-15,-1.66E-15,-1.66E-15,-3.52E-17,-3.94E-17,-3.57E-17
2023200,2.39E-17,2.40E-17,2.63E-16,2.58E-16,2.59E-16,1.49E-16,1.48E-16,3.14E-18,3.52E-18,3.19E-18
2026800,1.55E-16,1.55E-16,1.70E-15,1.67E-15,1.67E-15,-9.61E-16,-9.58E-16,-2.03E-17,-2.28E-17,-2.06E-17
2030400,2.26E-16,2.26E-16,2.48E-15,2.44E-15,2.45E-15,1.40E-15,1.40E-15,2.97E-17,3.33E-17,3.01E-17
2034000,5.47E-17,5.46E-17,5.99E-16,5.89E-16,5.91E-16,-3.39E-16,-3.38E-16,-7.16E-18,-8.03E-18,-7.27E-18
2037600,8.71E-17,8.71E-17,9.56E-16,9.39E-16,9.42E-16,5.41E-16,5.38E-16,1.14E-17,1.28E-17,1.16E-17
2041200,8.43E-17,8.43E-17,9.25E-16,9.09E-16,9.12E-16,5.23E-16,5.22E-16,1.10E-17,1.24E-17,1.12E-17
2044800,7.59E-17,7.60E-17,8.34E-16,8.20E-16,8.22E-16,4.71E-16,4.71E-16,9.96E-18,1.12E-17,1.01E-17
2048400,1.51E-17,1.50E-17,1.66E-16,1.63E-16,1.63E-16,-9.41E-17,-9.38E-17,-1.97E-18,-2.22E-18,-2.01E-18
2052000,4.41E-17,4.41E-17,4.84E-16,4.75E-16,4.77E-16,-2.74E-16,-2.73E-16,-5.78E-18,-6.48E-18,-5.87E-18
2055600,1.27E-16,1.27E-16,1.39E-15,1.37E-15,1.37E-15,7.86E-16,7.83E-16,1.66E-17,1.86E-17,1.68E-17
2059200,7.77E-17,7.77E-17,8.53E-16,8.38E-16,8.40E-16,-4.83E-16,-4.83E-16,-1.02E-17,-1.14E-17,-1.03E-17
2062800,4.02E-17,4.02E-17,4.41E-16,4.34E-16,4.35E-16,2.50E-16,2.49E-16,5.28E-18,5.91E-18,5.36E-18
2066400,4.55E-16,4.55E-16,4.99E-15,4.91E-15,4.92E-15,-2.82E-15,-2.82E-15,-5.97E-17,-6.69E-17,-6.06E-17
2070000,3.03E-16,3.03E-16,3.32E-15,3.27E-15,3.28E-15,1.88E-15,1.87E-15,3.97E-17,4.45E-17,4.03E-17
2073600,3.79E-17,3.79E-17,4.16E-16,4.09E-16,4.10E-16,2.35E-16,2.34E-16,4.97E-18,5.57E-18,5.05E-18
2077200,1.52E-16,1.52E-16,1.67E-15,1.64E-15,1.64E-15,9.43E-16,9.32E-16,2.00E-17,2.24E-17,2.03E-17
2080800,5.16E-17,5.15E-17,5.65E-16,5.56E-16,5.57E-16,3.21E-16,3.19E-16,6.76E-18,7.58E-18,6.86E-18
2084400,1.32E-16,1.32E-16,1.45E-15,1.42E-15,1.43E-15,-8.20E-16,-8.17E-16,-1.73E-17,-1.94E-17,-1.76E-17
2088000,3.05E-16,3.05E-16,3.34E-15,3.29E-15,3.30E-15,1.89E-15,1.89E-15,4.00E-17,4.48E-17,4.06E-17
2091600,1.87E-16,1.87E-16,2.05E-15,2.01E-15,2.02E-15,-1.16E-15,-1.16E-15,-2.45E-17,-2.75E-17,-2.49E-17
2095200,7.68E-18,7.73E-18,8.46E-17,8.32E-17,8.35E-17,-4.78E-17,-4.73E-17,-1.01E-18,-1.13E-18,-1.03E-18
2098800,1.63E-16,1.63E-16,1.79E-15,1.76E-15,1.77E-15,-1.01E-15,-1.01E-15,-2.14E-17,-2.40E-17,-2.17E-17
2102400,1.70E-16,1.70E-16,1.86E-15,1.83E-15,1.84E-15,1.05E-15,1.05E-15,2.22E-17,2.49E-17,2.26E-17
2106000,8.83E-17,8.83E-17,9.68E-16,9.52E-16,9.55E-16,-5.48E-16,-5.47E-16,-1.16E-17,-1.30E-17,-1.17E-17
2109600,5.60E-18,5.61E-18,6.15E-17,6.05E-17,6.07E-17,3.46E-17,3.49E-17,7.35E-19,8.24E-19,7.47E-19
2113200,4.58E-17,4.58E-17,5.03E-16,4.94E-16,4.96E-16,-2.85E-16,-2.84E-16,-6.00E-18,-6.72E-18,-6.08E-18
2116800,5.86E-18,5.88E-18,6.39E-17,6.28E-17,6.30E-17,-3.70E-17,-3.70E-17,-7.68E-19,-8.60E-19,-7.76E-19
2120400,8.28E-17,8.28E-17,9.09E-16,8.93E-16,8.96E-16,5.14E-16,5.13E-16,1.09E-17,1.22E-17,1.10E-17
2124000,1.63E-16,1.63E-16,1.79E-15,1.76E-15,1.77E-15,-1.01E-15,-1.01E-15,-2.14E-17,-2.40E-17,-2.17E-17
2127600,5.15E-17,5.16E-17,5.65E-16,5.55E-16,5.57E-16,3.19E-16,3.20E-16,6.75E-18,7.58E-18,6.85E-18
2131200,1.00E-16,9.99E-17,1.10E-15,1.08E-15,1.08E-15,-6.21E-16,-6.16E-16,-1.31E-17,-1.47E-17,-1.33E-17
2134800,4.49E-17,4.48E-17,4.92E-16,4.84E-16,4.85E-16,2.79E-16,2.77E-16,5.88E-18,6.60E-18,5.98E-18
2138400,1.66E-16,1.67E-16,1.83E-15,1.80E-15,1.80E-15,-1.03E-15,-1.03E-15,-2.18E-17,-2.45E-17,-2.21E-17
2142000,1.11E-16,1.11E-16,1.22E-15,1.19E-15,1.20E-15,6.88E-16,6.85E-16,1.45E-17,1.63E-17,1.47E-17
2145600,4.03E-17,4.03E-17,4.43E-16,4.35E-16,4.36E-16,-2.50E-16,-2.50E-16,-5.29E-18,-5.93E-18,-5.37E-18
2149200,1.56E-17,1.56E-17,1.71E-16,1.69E-16,1.69E-16,9.69E-17,9.66E-17,2.05E-18,2.30E-18,2.08E-18
2152800,4.93E-18,4.96E-18,5.44E-17,5.35E-17,5.36E-17,3.11E-17,3.05E-17,6.49E-19,7.27E-19,6.59E-19
2156400,2.51E-17,2.51E-17,2.75E-16,2.70E-16,2.71E-16,-1.56E-16,-1.55E-16,-3.29E-18,-3.69E-18,-3.34E-18
2160000,2.01E-17,2.01E-17,2.21E-16,2.17E-16,2.18E-16,-1.26E-16,-1.25E-16,-2.64E-18,-2.96E-18,-2.69E-18
2163600,4.86E-17,4.88E-17,5.34E-16,5.25E-16,5.27E-16,-3.03E-16,-3.03E-16,-6.38E-18,-7.16E-18,-6.48E-18
2167200,7.53E-17,7.53E-17,8.26E-16,8.12E-16,8.15E-16,4.67E-16,4.66E-16,9.87E-18,1.11E-17,1.00E-17
2170800,6.89E-17,6.90E-17,7.57E-16,7.44E-16,7.46E-16,-4.28E-16,-4.27E-16,-9.04E-18,-1.01E-17,-9.17E-18
2174400,5.34E-17,5.34E-17,5.86E-16,5.76E-16,5.78E-16,3.31E-16,3.30E-16,7.00E-18,7.85E-18,7.10E-18
2178000,5.78E-17,5.78E-17,6.34E-16,6.23E-16,6.25E-16,-3.59E-16,-3.58E-16,-7.57E-18,-8.50E-18,-7.69E-18
2181600,3.70E-17,3.71E-17,4.06E-16,3.99E-16,4.00E-16,2.29E-16,2.31E-16,4.87E-18,5.45E-18,4.93E-18
2185200,1.43E-17,1.43E-17,1.56E-16,1.54E-16,1.54E-16,8.84E-17,8.83E-17,1.87E-18,2.10E-18,1.90E-18
2188800,3.22E-17,3.26E-17,3.56E-16,3.50E-16,3.51E-16,-1.97E-16,-2.00E-16,-4.24E-18,-4.73E-18,-4.28E-18
2192400,1.27E-16,1.27E-16,1.39E-15,1.37E-15,1.37E-15,7.86E-16,7.85E-16,1.66E-17,1.86E-17,1.69E-17
2196000,2.54E-16,2.54E-16,2.78E-15,2.74E-15,2.74E-15,-1.57E-15,-1.57E-15,-3.32E-17,-3.73E-17,-3.38E-17
2199600,3.08E-17,3.07E-17,3.37E-16,3.32E-16,3.33E-16,1.89E-16,1.92E-16,4.02E-18,4.52E-18,4.07E-18
2203200,1.45E-16,1.45E-16,1.59E-15,1.56E-15,1.57E-15,-9.00E-16,-8.97E-16,-1.90E-17,-2.13E-17,-1.93E-17
2206800,3.07E-16,3.07E-16,3.37E-15,3.31E-15,3.32E-15,1.90E-15,1.90E-15,4.02E-17,4.51E-17,4.09E-17
2210400,1.12E-16,1.12E-16,1.23E-15,1.21E-15,1.21E-15,-6.95E-16,-6.93E-16,-1.47E-17,-1.65E-17,-1.49E-17
2214000,4.68E-17,4.68E-17,5.14E-16,5.05E-16,5.06E-16,2.91E-16,2.89E-16,6.14E-18,6.88E-18,6.23E-18
2217600,5.07E-18,5.07E-18,5.56E-17,5.46E-17,5.48E-17,3.15E-17,3.13E-17,6.65E-19,7.44E-19,6.74E-19
2221200,2.87E-17,2.87E-17,3.15E-16,3.10E-16,3.11E-16,1.78E-16,1.78E-16,3.76E-18,4.22E-18,3.82E-18
2224800,1.06E-17,1.06E-17,1.17E-16,1.15E-16,1.15E-16,-6.60E-17,-6.59E-17,-1.39E-18,-1.56E-18,-1.42E-18
2228400,2.90E-17,2.91E-17,3.19E-16,3.14E-16,3.14E-16,-1.80E-16,-1.80E-16,-3.81E-18,-4.27E-18,-3.87E-18
2232000,8.06E-17,8.06E-17,8.84E-16,8.69E-16,8.72E-16,5.00E-16,4.99E-16,1.06E-17,1.18E-17,1.07E-17
2235600,9.01E-17,9.03E-17,9.90E-16,9.73E-16,9.76E-16,-5.58E-16,-5.59E-16,-1.18E-17,-1.33E-17,-1.20E-17
2239200,2.11E-16,2.11E-16,2.31E-15,2.27E-15,2.28E-15,1.31E-15,1.30E-15,2.76E-17,3.10E-17,2.80E-17
2242800,1.31E-16,1.31E-16,1.44E-15,1.42E-15,1.42E-15,-8.15E-16,-8.13E-16,-1.72E-17,-1.93E-17,-1.75E-17
2246400,1.09E-16,1.09E-16,1.20E-15,1.18E-15,1.18E-15,6.78E-16,6.76E-16,1.43E-17,1.61E-17,1.45E-17
2250000,7.61E-17,7.56E-17,8.32E-16,8.18E-16,8.20E-16,4.71E-16,4.69E-16,9.94E-18,1.12E-17,1.01E-17
2253600,1.47E-16,1.47E-16,1.62E-15,1.59E-15,1.59E-15,9.16E-16,9.15E-16,1.93E-17,2.17E-17,1.96E-17
2257200,2.23E-17,2.23E-17,2.44E-16,2.40E-16,2.41E-16,-1.38E-16,-1.38E-16,-2.92E-18,-3.27E-18,-2.96E-18
2260800,5.50E-17,5.50E-17,6.03E-16,5.93E-16,5.95E-16,3.41E-16,3.41E-16,7.21E-18,8.08E-18,7.32E-18
2264400,1.15E-16,1.15E-16,1.26E-15,1.24E-15,1.25E-15,-7.15E-16,-7.15E-16,-1.51E-17,-1.69E-17,-1.53E-17
2268000,1.57E-17,1.59E-17,1.73E-16,1.70E-16,1.71E-16,-9.66E-17,-9.76E-17,-2.08E-18,-2.32E-18,-2.11E-18
2271600,7.63E-17,7.63E-17,8.37E-16,8.23E-16,8.25E-16,4.73E-16,4.73E-16,1.00E-17,1.12E-17,1.02E-17
2275200,3.68E-17,3.64E-17,4.02E-16,3.95E-16,3.96E-16,-2.27E-16,-2.28E-16,-4.79E-18,-5.38E-18,-4.90E-18
2278800,2.04E-16,2.04E-16,2.24E-15,2.20E-15,2.21E-15,1.27E-15,1.26E-15,2.67E-17,3.00E-17,2.72E-17
2282400,1.13E-16,1.13E-16,1.24E-15,1.22E-15,1.23E-15,-7.03E-16,-6.99E-16,-1.48E-17,-1.67E-17,-1.51E-17
2286000,1.06E-17,1.05E-17,1.16E-16,1.14E-16,1.14E-16,6.55E-17,6.52E-17,1.38E-18,1.55E-18,1.40E-18
2289600,8.02E-17,8.02E-17,8.80E-16,8.65E-16,8.68E-16,-4.98E-16,-4.96E-16,-1.05E-17,-1.18E-17,-1.07E-17
2293200,5.19E-16,5.19E-16,5.69E-15,5.60E-15,5.61E-15,3.22E-15,3.21E-15,6.80E-17,7.63E-17,6.91E-17
2296800,6.77E-18,6.70E-18,7.39E-17,7.26E-17,7.29E-17,4.20E-17,4.12E-17,8.84E-19,9.92E-19,8.97E-19
2300400,1.34E-17,1.34E-17,1.47E-16,1.45E-16,1.45E-16,8.31E-17,8.28E-17,1.75E-18,1.96E-18,1.79E-18
2304000,4.61E-17,4.61E-17,5.06E-16,4.97E-16,4.98E-16,2.86E-16,2.85E-16,6.04E-18,6.77E-18,6.13E-18
2307600,6.07E-17,6.09E-17,6.68E-16,6.57E-16,6.59E-16,-3.78E-16,-3.73E-16,-7.99E-18,-8.94E-18,-8.10E-18
2311200,1.97E-16,1.97E-16,2.17E-15,2.13E-15,2.14E-15,1.22E-15,1.22E-15,2.59E-17,2.90E-17,2.63E-17
2314800,1.69E-16,1.69E-16,1.86E-15,1.82E-15,1.83E-15,-1.05E-15,-1.05E-15,-2.22E-17,-2.49E-17,-2.25E-17
2318400,1.35E-16,1.35E-16,1.48E-15,1.46E-15,1.46E-15,8.39E-16,8.36E-16,1.77E-17,1.99E-17,1.80E-17
2322000,6.04E-17,6.04E-17,6.63E-16,6.51E-16,6.53E-16,-3.75E-16,-3.74E-16,-7.92E-18,-8.88E-18,-8.04E-18
2325600,1.72E-16,1.72E-16,1.89E-15,1.85E-15,1.86E-15,1.07E-15,1.06E-15,2.25E-17,2.53E-17,2.29E-17
2329200,8.86E-17,8.86E-17,9.72E-16,9.55E-16,9.58E-16,-5.50E-16,-5.48E-16,-1.16E-17,-1.30E-17,-1.18E-17
2332800,1.16E-16,1.16E-16,1.27E-15,1.25E-15,1.25E-15,7.21E-16,7.18E-16,1.52E-17,1.70E-17,1.54E-17
2336400,3.67E-18,3.67E-18,4.02E-17,3.95E-17,3.97E-17,-2.27E-17,-2.27E-17,-4.81E-19,-5.40E-19,-4.88E-19
2340000,3.52E-17,3.52E-17,3.86E-16,3.80E-16,3.81E-16,-2.19E-16,-2.18E-16,-4.61E-18,-5.17E-18,-4.69E-18
2343600,3.20E-17,3.21E-17,3.52E-16,3.46E-16,3.47E-16,1.99E-16,1.98E-16,4.20E-18,4.71E-18,4.26E-18
2347200,1.75E-16,1.75E-16,1.93E-15,1.89E-15,1.90E-15,1.09E-15,1.09E-15,2.30E-17,2.58E-17,2.34E-17
2350800,5.50E-17,5.50E-17,6.03E-16,5.93E-16,5.95E-16,-3.43E-16,-3.40E-16,-7.21E-18,-8.08E-18,-7.32E-18
2354400,4.05E-16,4.05E-16,4.44E-15,4.37E-15,4.38E-15,2.51E-15,2.51E-15,5.31E-17,5.96E-17,5.39E-17
2358000,1.61E-16,1.61E-16,1.77E-15,1.74E-15,1.74E-15,-1.00E-15,-9.96E-16,-2.11E-17,-2.37E-17,-2.14E-17
2361600,2.56E-14,2.57E-14,2.81E-13,2.77E-13,2.77E-13,-1.59E-13,-1.59E-13,-3.36E-15,-3.77E-15,-3.41E-15
2365200,1.21E-16,1.22E-16,1.33E-15,1.31E-15,1.32E-15,-7.57E-16,-7.54E-16,-1.59E-17,-1.79E-17,-1.62E-17
2368800,4.37E-16,4.37E-16,4.79E-15,4.71E-15,4.73E-15,2.71E-15,2.70E-15,5.73E-17,6.42E-17,5.81E-17
2372400,4.58E-18,4.60E-18,5.03E-17,4.95E-17,4.96E-17,2.80E-17,2.79E-17,6.03E-19,6.74E-19,6.17E-19
2376000,1.20E-16,1.20E-16,1.32E-15,1.30E-15,1.30E-15,7.47E-16,7.46E-16,1.58E-17,1.77E-17,1.60E-17
2379600,5.33E-17,5.32E-17,5.84E-16,5.74E-16,5.76E-16,3.30E-16,3.29E-16,6.98E-18,7.83E-18,7.09E-18
2383200,1.14E-16,1.14E-16,1.25E-15,1.22E-15,1.23E-15,-7.05E-16,-7.04E-16,-1.49E-17,-1.67E-17,-1.51E-17
2386800,7.14E-18,6.74E-18,7.65E-17,7.50E-17,7.53E-17,4.11E-17,4.22E-17,9.04E-19,1.03E-18,9.40E-19
2390400,4.57E-16,4.57E-16,5.01E-15,4.93E-15,4.94E-15,-2.83E-15,-2.83E-15,-5.99E-17,-6.71E-17,-6.08E-17
2394000,1.25E-16,1.25E-16,1.37E-15,1.35E-15,1.35E-15,7.75E-16,7.72E-16,1.64E-17,1.83E-17,1.66E-17
2397600,1.36E-15,1.36E-15,1.49E-14,1.46E-14,1.47E-14,8.42E-15,8.42E-15,1.78E-16,1.99E-16,1.80E-16
2401200,1.86E-16,1.86E-16,2.05E-15,2.01E-15,2.02E-15,1.16E-15,1.16E-15,2.44E-17,2.74E-17,2.48E-17
2404800,1.49E-16,1.49E-16,1.64E-15,1.61E-15,1.61E-15,-9.26E-16,-9.22E-16,-1.95E-17,-2.19E-17,-1.99E-17
2408400,2.79E-16,2.79E-16,3.06E-15,3.01E-15,3.02E-15,1.73E-15,1.73E-15,3.66E-17,4.10E-17,3.71E-17
2412000,4.83E-18,4.79E-18,5.29E-17,5.20E-17,5.21E-17,2.98E-17,2.99E-17,6.31E-19,7.07E-19,6.40E-19
2415600,2.70E-17,2.70E-17,2.97E-16,2.92E-16,2.93E-16,-1.67E-16,-1.68E-16,-3.54E-18,-3.97E-18,-3.60E-18
2419200,1.19E-16,1.19E-16,1.30E-15,1.28E-15,1.29E-15,7.37E-16,7.35E-16,1.56E-17,1.75E-17,1.58E-17
2422800,2.75E-16,2.75E-16,3.02E-15,2.97E-15,2.98E-15,1.71E-15,1.70E-15,3.61E-17,4.05E-17,3.66E-17
2426400,7.80E-16,7.81E-16,8.57E-15,8.43E-15,8.45E-15,4.84E-15,4.83E-15,1.02E-16,1.15E-16,1.04E-16
2430000,1.35E-16,1.35E-16,1.49E-15,1.46E-15,1.46E-15,-8.40E-16,-8.39E-16,-1.77E-17,-1.99E-17,-1.80E-17
2433600,1.08E-16,1.08E-16,1.19E-15,1.17E-15,1.17E-15,6.73E-16,6.72E-16,1.42E-17,1.59E-17,1.44E-17
2437200,6.16E-19,6.27E-19,6.92E-18,6.67E-18,6.62E-18,4.91E-18,3.55E-18,8.89E-20,8.41E-20,7.44E-20
2440800,1.20E-18,1.23E-18,1.17E-17,1.16E-17,1.17E-17,-6.34E-18,-7.36E-18,-1.51E-19,-1.72E-19,-1.55E-19
2444400,1.86E-15,1.86E-15,2.04E-14,2.00E-14,2.01E-14,-1.15E-14,-1.15E-14,-2.44E-16,-2.73E-16,-2.47E-16
2448000,9.13E-17,9.13E-17,1.00E-15,9.86E-16,9.88E-16,5.67E-16,5.66E-16,1.20E-17,1.34E-17,1.21E-17
2451600,1.96E-17,1.97E-17,2.16E-16,2.12E-16,2.13E-16,-1.23E-16,-1.21E-16,-2.58E-18,-2.89E-18,-2.60E-18
2455200,1.58E-17,1.58E-17,1.73E-16,1.71E-16,1.71E-16,-9.81E-17,-9.77E-17,-2.07E-18,-2.32E-18,-2.11E-18
2458800,1.58E-16,1.58E-16,1.73E-15,1.71E-15,1.71E-15,9.81E-16,9.80E-16,2.07E-17,2.32E-17,2.10E-17
2462400,8.86E-17,8.86E-17,9.72E-16,9.56E-16,9.58E-16,5.50E-16,5.49E-16,1.16E-17,1.30E-17,1.18E-17
2466000,1.79E-16,1.79E-16,1.97E-15,1.94E-15,1.94E-15,1.11E-15,1.11E-15,2.35E-17,2.64E-17,2.39E-17
2469600,7.37E-17,7.37E-17,8.09E-16,7.95E-16,7.98E-16,-4.57E-16,-4.56E-16,-9.66E-18,-1.08E-17,-9.81E-18
2473200,1.05E-16,1.06E-16,1.16E-15,1.14E-15,1.14E-15,6.55E-16,6.53E-16,1.38E-17,1.55E-17,1.40E-17
2476800,5.46E-17,5.46E-17,6.00E-16,5.90E-16,5.91E-16,-3.40E-16,-3.37E-16,-7.17E-18,-8.03E-18,-7.28E-18
2480400,4.16E-18,4.14E-18,4.57E-17,4.49E-17,4.50E-17,-2.56E-17,-2.60E-17,-5.44E-19,-6.08E-19,-5.54E-19
2484000,9.55E-17,9.54E-17,1.05E-15,1.03E-15,1.03E-15,-5.92E-16,-5.91E-16,-1.25E-17,-1.40E-17,-1.27E-17
2487600,1.19E-17,1.16E-17,1.29E-16,1.27E-16,1.27E-16,-7.17E-17,-7.31E-17,-1.55E-18,-1.73E-18,-1.55E-18
2491200,1.08E-16,1.08E-16,1.19E-15,1.16E-15,1.17E-15,6.71E-16,6.69E-16,1.42E-17,1.59E-17,1.44E-17
2494800,4.68E-18,4.85E-18,5.26E-17,5.18E-17,5.17E-17,3.17E-17,3.05E-17,6.11E-19,6.97E-19,6.29E-19
2498400,3.78E-17,3.78E-17,4.15E-16,4.08E-16,4.09E-16,2.35E-16,2.35E-16,4.96E-18,5.56E-18,5.04E-18
2502000,4.83E-16,4.82E-16,5.29E-15,5.20E-15,5.22E-15,-3.00E-15,-2.99E-15,-6.33E-17,-7.09E-17,-6.42E-17
2505600,3.11E-17,3.11E-17,3.41E-16,3.35E-16,3.36E-16,1.93E-16,1.92E-16,4.07E-18,4.57E-18,4.14E-18
2509200,9.87E-17,9.87E-17,1.08E-15,1.06E-15,1.07E-15,-6.13E-16,-6.11E-16,-1.29E-17,-1.45E-17,-1.31E-17
2512800,1.02E-16,1.02E-16,1.12E-15,1.10E-15,1.10E-15,6.32E-16,6.30E-16,1.34E-17,1.50E-17,1.36E-17
2516400,4.41E-17,4.40E-17,4.83E-16,4.75E-16,4.77E-16,-2.72E-16,-2.68E-16,-5.76E-18,-6.46E-18,-5.86E-18
2520000,1.50E-17,1.49E-17,1.64E-16,1.61E-16,1.62E-16,-9.34E-17,-9.34E-17,-1.96E-18,-2.20E-18,-1.99E-18
2523600,6.16E-17,6.16E-17,6.76E-16,6.65E-16,6.66E-16,-3.83E-16,-3.81E-16,-8.08E-18,-9.06E-18,-8.21E-18
2527200,2.70E-17,2.70E-17,2.96E-16,2.91E-16,2.92E-16,-1.68E-16,-1.68E-16,-3.54E-18,-3.96E-18,-3.59E-18
2530800,4.54E-17,4.55E-17,4.99E-16,4.90E-16,4.92E-16,-2.82E-16,-2.81E-16,-5.96E-18,-6.67E-18,-6.05E-18
2534400,8.99E-17,9.00E-17,9.87E-16,9.70E-16,9.73E-16,-5.59E-16,-5.57E-16,-1.18E-17,-1.32E-17,-1.20E-17
2538000,1.72E-16,1.72E-16,1.88E-15,1.85E-15,1.86E-15,1.07E-15,1.06E-15,2.25E-17,2.52E-17,2.28E-17
2541600,2.66E-16,2.66E-16,2.92E-15,2.87E-15,2.88E-15,-1.65E-15,-1.65E-15,-3.49E-17,-3.92E-17,-3.55E-17
2545200,1.86E-16,1.86E-16,2.04E-15,2.01E-15,2.01E-15,1.15E-15,1.15E-15,2.44E-17,2.73E-17,2.47E-17
2548800,7.83E-18,7.93E-18,8.67E-17,8.52E-17,8.54E-17,4.85E-17,4.84E-17,1.03E-18,1.16E-18,1.05E-18
2552400,1.54E-16,1.54E-16,1.69E-15,1.66E-15,1.67E-15,9.55E-16,9.53E-16,2.02E-17,2.26E-17,2.05E-17
2556000,3.40E-18,3.46E-18,3.75E-17,3.69E-17,3.71E-17,2.21E-17,2.12E-17,4.54E-19,5.07E-19,4.58E-19
2559600,1.37E-17,1.37E-17,1.51E-16,1.48E-16,1.48E-16,-8.51E-17,-8.49E-17,-1.80E-18,-2.02E-18,-1.83E-18
2563200,7.23E-17,7.23E-17,7.93E-16,7.80E-16,7.82E-16,4.48E-16,4.48E-16,9.48E-18,1.06E-17,9.63E-18
2566800,1.56E-16,1.56E-16,1.71E-15,1.68E-15,1.69E-15,9.67E-16,9.64E-16,2.04E-17,2.29E-17,2.08E-17
2570400,3.22E-17,3.22E-17,3.54E-16,3.48E-16,3.49E-16,2.00E-16,2.00E-16,4.22E-18,4.74E-18,4.29E-18
2574000,1.08E-16,1.08E-16,1.18E-15,1.16E-15,1.17E-15,-6.69E-16,-6.67E-16,-1.41E-17,-1.58E-17,-1.43E-17
2577600,3.08E-16,3.08E-16,3.38E-15,3.32E-15,3.33E-15,1.91E-15,1.91E-15,4.04E-17,4.53E-17,4.10E-17
2581200,3.26E-16,3.27E-16,3.58E-15,3.52E-15,3.53E-15,-2.02E-15,-2.02E-15,-4.28E-17,-4.80E-17,-4.35E-17
2584800,1.17E-16,1.17E-16,1.28E-15,1.26E-15,1.26E-15,7.26E-16,7.26E-16,1.53E-17,1.72E-17,1.55E-17
2588400,1.46E-16,1.46E-16,1.61E-15,1.58E-15,1.58E-15,-9.07E-16,-9.08E-16,-1.92E-17,-2.15E-17,-1.95E-17
2592000,9.89E-17,9.89E-17,1.09E-15,1.07E-15,1.07E-15,6.13E-16,6.11E-16,1.30E-17,1.45E-17,1.32E-17
2595600,1.11E-16,1.11E-16,1.22E-15,1.20E-15,1.20E-15,-6.90E-16,-6.88E-16,-1.46E-17,-1.63E-17,-1.48E-17
2599200,9.07E-17,9.10E-17,9.97E-16,9.80E-16,9.83E-16,5.67E-16,5.60E-16,1.19E-17,1.33E-17,1.21E-17
2602800,5.70E-17,5.71E-17,6.26E-16,6.16E-16,6.17E-16,-3.54E-16,-3.56E-16,-7.48E-18,-8.41E-18,-7.57E-18
2606400,4.93E-17,4.92E-17,5.40E-16,5.31E-16,5.33E-16,-3.06E-16,-3.05E-16,-6.46E-18,-7.25E-18,-6.56E-18
2610000,9.36E-17,9.37E-17,1.03E-15,1.01E-15,1.01E-15,5.82E-16,5.79E-16,1.23E-17,1.38E-17,1.25E-17
2613600,1.89E-16,1.90E-16,2.08E-15,2.04E-15,2.05E-15,-1.18E-15,-1.17E-15,-2.48E-17,-2.78E-17,-2.52E-17
2617200,2.06E-16,2.06E-16,2.26E-15,2.22E-15,2.23E-15,1.28E-15,1.28E-15,2.70E-17,3.03E-17,2.74E-17
2620800,2.72E-16,2.72E-16,2.98E-15,2.93E-15,2.94E-15,-1.69E-15,-1.68E-15,-3.56E-17,-3.99E-17,-3.61E-17
2624400,2.13E-17,2.13E-17,2.34E-16,2.30E-16,2.30E-16,-1.32E-16,-1.32E-16,-2.79E-18,-3.14E-18,-2.84E-18
2628000,7.49E-17,7.48E-17,8.22E-16,8.08E-16,8.10E-16,-4.64E-16,-4.64E-16,-9.82E-18,-1.10E-17,-9.96E-18
2631600,8.23E-17,8.23E-17,9.04E-16,8.88E-16,8.91E-16,5.11E-16,5.10E-16,1.08E-17,1.21E-17,1.10E-17
2635200,1.09E-17,1.08E-17,1.19E-16,1.17E-16,1.17E-16,-6.74E-17,-6.72E-17,-1.42E-18,-1.59E-18,-1.44E-18
2638800,1.22E-17,1.23E-17,1.35E-16,1.32E-16,1.33E-16,7.58E-17,7.61E-17,1.61E-18,1.80E-18,1.63E-18
2642400,2.97E-17,2.97E-17,3.26E-16,3.21E-16,3.22E-16,1.84E-16,1.84E-16,3.90E-18,4.37E-18,3.96E-18
2646000,2.93E-17,2.94E-17,3.22E-16,3.16E-16,3.17E-16,-1.84E-16,-1.83E-16,-3.85E-18,-4.33E-18,-3.89E-18
2649600,4.50E-17,4.50E-17,4.94E-16,4.86E-16,4.87E-16,2.79E-16,2.79E-16,5.90E-18,6.62E-18,5.99E-18
2653200,1.08E-16,1.08E-16,1.19E-15,1.17E-15,1.17E-15,-6.73E-16,-6.71E-16,-1.42E-17,-1.59E-17,-1.44E-17
2656800,5.40E-17,5.40E-17,5.93E-16,5.82E-16,5.84E-16,3.35E-16,3.34E-16,7.08E-18,7.94E-18,7.19E-18
2660400,1.47E-17,1.47E-17,1.61E-16,1.58E-16,1.59E-16,9.09E-17,9.08E-17,1.92E-18,2.16E-18,1.95E-18
2664000,8.26E-18,8.26E-18,9.06E-17,8.91E-17,8.94E-17,-5.13E-17,-5.11E-17,-1.08E-18,-1.21E-18,-1.10E-18
2667600,2.62E-18,2.62E-18,2.88E-17,2.83E-17,2.84E-17,-1.63E-17,-1.62E-17,-3.44E-19,-3.86E-19,-3.49E-19
2671200,4.21E-17,4.21E-17,4.62E-16,4.54E-16,4.55E-16,2.61E-16,2.61E-16,5.52E-18,6.19E-18,5.60E-18
2674800,7.66E-18,7.66E-18,8.41E-17,8.26E-17,8.29E-17,4.76E-17,4.74E-17,1.00E-18,1.13E-18,1.02E-18
2678400,3.36E-17,3.36E-17,3.68E-16,3.62E-16,3.63E-16,2.08E-16,2.08E-16,4.40E-18,4.94E-18,4.47E-18
2682000,1.45E-17,1.45E-17,1.60E-16,1.57E-16,1.57E-16,-9.03E-17,-9.01E-17,-1.91E-18,-2.14E-18,-1.94E-18
2685600,3.02E-17,3.02E-17,3.31E-16,3.25E-16,3.26E-16,1.87E-16,1.87E-16,3.95E-18,4.43E-18,4.01E-18
2689200,4.26E-18,4.26E-18,4.68E-17,4.60E-17,4.61E-17,-2.65E-17,-2.64E-17,-5.59E-19,-6.26E-19,-5.67E-19
2692800,6.29E-17,6.30E-17,6.91E-16,6.79E-16,6.81E-16,-3.91E-16,-3.90E-16,-8.25E-18,-9.25E-18,-8.38E-18
2696400,5.26E-17,5.27E-17,5.78E-16,5.68E-16,5.70E-16,3.27E-16,3.26E-16,6.90E-18,7.74E-18,7.01E-18
2700000,1.82E-17,1.82E-17,2.00E-16,1.97E-16,1.97E-16,1.13E-16,1.13E-16,2.39E-18,2.68E-18,2.43E-18
2703600,9.61E-18,9.62E-18,1.06E-16,1.04E-16,1.04E-16,-5.97E-17,-5.95E-17,-1.26E-18,-1.41E-18,-1.28E-18
2707200,3.98E-18,3.98E-18,4.36E-17,4.29E-17,4.30E-17,-2.47E-17,-2.46E-17,-5.21E-19,-5.85E-19,-5.29E-19
2710800,4.07E-17,4.07E-17,4.47E-16,4.39E-16,4.41E-16,2.53E-16,2.52E-16,5.34E-18,5.99E-18,5.42E-18
2714400,8.65E-17,8.66E-17,9.50E-16,9.34E-16,9.36E-16,-5.37E-16,-5.36E-16,-1.13E-17,-1.27E-17,-1.15E-17
2718000,5.24E-17,5.24E-17,5.75E-16,5.65E-16,5.67E-16,-3.25E-16,-3.24E-16,-6.87E-18,-7.70E-18,-6.97E-18
2721600,6.32E-17,6.32E-17,6.94E-16,6.82E-16,6.84E-16,3.92E-16,3.91E-16,8.29E-18,9.29E-18,8.41E-18
2725200,2.88E-17,2.88E-17,3.16E-16,3.11E-16,3.12E-16,1.79E-16,1.78E-16,3.78E-18,4.23E-18,3.83E-18
2728800,5.62E-18,5.62E-18,6.16E-17,6.06E-17,6.08E-17,-3.49E-17,-3.48E-17,-7.36E-19,-8.26E-19,-7.48E-19
2732400,6.43E-17,6.43E-17,7.06E-16,6.94E-16,6.96E-16,-3.99E-16,-3.98E-16,-8.43E-18,-9.45E-18,-8.56E-18
2736000,4.23E-17,4.23E-17,4.64E-16,4.56E-16,4.57E-16,2.63E-16,2.62E-16,5.55E-18,6.22E-18,5.63E-18
2739600,2.31E-17,2.31E-17,2.54E-16,2.49E-16,2.50E-16,-1.43E-16,-1.43E-16,-3.03E-18,-3.40E-18,-3.08E-18
2743200,1.10E-17,1.10E-17,1.20E-16,1.18E-16,1.19E-16,-6.81E-17,-6.79E-17,-1.44E-18,-1.61E-18,-1.46E-18
2746800,3.99E-18,3.99E-18,4.37E-17,4.30E-17,4.31E-17,2.47E-17,2.47E-17,5.23E-19,5.86E-19,5.31E-19
2750400,3.94E-17,3.94E-17,4.32E-16,4.25E-16,4.26E-16,2.44E-16,2.44E-16,5.16E-18,5.79E-18,5.24E-18
2754000,4.95E-18,4.95E-18,5.43E-17,5.34E-17,5.36E-17,3.07E-17,3.07E-17,6.49E-19,7.28E-19,6.59E-19
2757600,5.37E-17,5.37E-17,5.90E-16,5.80E-16,5.81E-16,-3.34E-16,-3.33E-16,-7.05E-18,-7.90E-18,-7.15E-18
2761200,6.19E-17,6.19E-17,6.79E-16,6.67E-16,6.69E-16,3.84E-16,3.83E-16,8.11E-18,9.09E-18,8.23E-18
2764800,2.74E-17,2.74E-17,3.01E-16,2.96E-16,2.97E-16,1.70E-16,1.70E-16,3.60E-18,4.03E-18,3.65E-18
2768400,6.97E-18,6.97E-18,7.65E-17,7.52E-17,7.54E-17,-4.33E-17,-4.32E-17,-9.14E-19,-1.02E-18,-9.28E-19
2772000,6.57E-17,6.57E-17,7.20E-16,7.08E-16,7.10E-16,-4.08E-16,-4.06E-16,-8.61E-18,-9.65E-18,-8.74E-18
2775600,6.90E-17,6.90E-17,7.57E-16,7.45E-16,7.47E-16,4.28E-16,4.27E-16,9.05E-18,1.01E-17,9.19E-18
2779200,1.55E-17,1.55E-17,1.70E-16,1.67E-16,1.68E-16,9.63E-17,9.61E-17,2.04E-18,2.28E-18,2.07E-18
2782800,1.23E-17,1.23E-17,1.35E-16,1.33E-16,1.33E-16,-7.65E-17,-7.63E-17,-1.62E-18,-1.81E-18,-1.64E-18
2786400,6.69E-18,6.69E-18,7.34E-17,7.21E-17,7.23E-17,-4.15E-17,-4.14E-17,-8.77E-19,-9.83E-19,-8.90E-19
2790000,3.80E-17,3.80E-17,4.17E-16,4.10E-16,4.11E-16,2.36E-16,2.35E-16,4.98E-18,5.59E-18,5.06E-18
2793600,3.60E-18,3.60E-18,3.95E-17,3.88E-17,3.89E-17,2.23E-17,2.23E-17,4.72E-19,5.29E-19,4.79E-19
2797200,5.51E-17,5.51E-17,6.04E-16,5.94E-16,5.96E-16,-3.42E-16,-3.41E-16,-7.22E-18,-8.10E-18,-7.33E-18
2800800,6.05E-17,6.05E-17,6.64E-16,6.53E-16,6.55E-16,3.76E-16,3.75E-16,7.93E-18,8.90E-18,8.05E-18
2804400,2.61E-17,2.61E-17,2.86E-16,2.81E-16,2.82E-16,1.62E-16,1.62E-16,3.42E-18,3.84E-18,3.47E-18
2808000,8.33E-18,8.33E-18,9.14E-17,8.98E-17,9.01E-17,-5.17E-17,-5.15E-17,-1.09E-18,-1.22E-18,-1.11E-18
2811600,9.96E-17,9.97E-17,1.09E-15,1.07E-15,1.08E-15,-6.19E-16,-6.17E-16,-1.31E-17,-1.46E-17,-1.33E-17
2815200,4.86E-17,4.86E-17,5.33E-16,5.24E-16,5.26E-16,3.02E-16,3.01E-16,6.37E-18,7.14E-18,6.47E-18
2818800,1.42E-17,1.42E-17,1.55E-16,1.53E-16,1.53E-16,8.79E-17,8.77E-17,1.86E-18,2.08E-18,1.89E-18
2822400,1.37E-17,1.37E-17,1.50E-16,1.48E-16,1.48E-16,-8.49E-17,-8.47E-17,-1.79E-18,-2.01E-18,-1.82E-18
2826000,8.04E-18,8.04E-18,8.82E-17,8.67E-17,8.70E-17,-4.99E-17,-4.98E-17,-1.05E-18,-1.18E-18,-1.07E-18
2829600,3.67E-17,3.67E-17,4.02E-16,3.95E-16,3.97E-16,2.28E-16,2.27E-16,4.81E-18,5.39E-18,4.88E-18
2833200,3.22E-18,3.22E-18,3.53E-17,3.47E-17,3.48E-17,2.00E-17,2.00E-17,4.22E-19,4.74E-19,4.29E-19
2836800,5.64E-17,5.65E-17,6.19E-16,6.09E-16,6.11E-16,-3.50E-16,-3.49E-16,-7.40E-18,-8.30E-18,-7.51E-18
2840400,4.60E-17,4.60E-17,5.05E-16,4.96E-16,4.98E-16,2.86E-16,2.85E-16,6.03E-18,6.77E-18,6.13E-18
2844000,2.47E-17,2.47E-17,2.71E-16,2.67E-16,2.68E-16,1.54E-16,1.53E-16,3.24E-18,3.64E-18,3.29E-18
2847600,9.68E-18,9.68E-18,1.06E-16,1.04E-16,1.05E-16,-6.01E-17,-5.99E-17,-1.27E-18,-1.42E-18,-1.29E-18
2851200,6.84E-17,6.84E-17,7.50E-16,7.37E-16,7.40E-16,-4.24E-16,-4.23E-16,-8.96E-18,-1.01E-17,-9.10E-18
2854800,4.72E-17,4.72E-17,5.18E-16,5.09E-16,5.11E-16,2.93E-16,2.92E-16,6.19E-18,6.94E-18,6.29E-18
2858400,1.28E-17,1.28E-17,1.41E-16,1.38E-16,1.39E-16,7.95E-17,7.93E-17,1.68E-18,1.88E-18,1.71E-18
2862000,1.50E-17,1.50E-17,1.65E-16,1.62E-16,1.63E-16,-9.33E-17,-9.31E-17,-1.97E-18,-2.21E-18,-2.00E-18
2865600,8.00E-20,8.09E-20,8.75E-19,8.62E-19,8.62E-19,-4.84E-19,-4.85E-19,-1.04E-20,-1.16E-20,-1.03E-20
2869200,3.11E-17,3.11E-17,3.41E-16,3.36E-16,3.37E-16,1.93E-16,1.93E-16,4.08E-18,4.57E-18,4.14E-18
2872800,3.83E-17,3.83E-17,4.21E-16,4.14E-16,4.15E-16,2.38E-16,2.37E-16,5.03E-18,5.64E-18,5.10E-18
2876400,8.32E-17,8.33E-17,9.13E-16,8.98E-16,9.01E-16,-5.17E-16,-5.15E-16,-1.09E-17,-1.22E-17,-1.11E-17
2880000,5.78E-17,5.78E-17,6.34E-16,6.24E-16,6.25E-16,3.59E-16,3.58E-16,7.58E-18,8.50E-18,7.69E-18
2883600,1.69E-17,1.69E-17,1.86E-16,1.83E-16,1.83E-16,1.05E-16,1.05E-16,2.22E-18,2.49E-18,2.26E-18
2887200,4.47E-18,4.47E-18,4.90E-17,4.82E-17,4.83E-17,-2.77E-17,-2.76E-17,-5.86E-19,-6.57E-19,-5.94E-19
2890800,1.17E-18,1.17E-18,1.29E-17,1.26E-17,1.27E-17,7.27E-18,7.25E-18,1.54E-19,1.72E-19,1.56E-19
2894400,4.58E-17,4.58E-17,5.03E-16,4.94E-16,4.95E-16,2.84E-16,2.84E-16,6.01E-18,6.73E-18,6.10E-18
2898000,1.15E-17,1.15E-17,1.26E-16,1.24E-16,1.24E-16,7.11E-17,7.09E-17,1.50E-18,1.68E-18,1.52E-18
2901600,7.45E-18,7.45E-18,8.17E-17,8.03E-17,8.06E-17,-4.62E-17,-4.61E-17,-9.77E-19,-1.10E-18,-9.91E-19
2905200,1.08E-17,1.08E-17,1.18E-16,1.16E-16,1.16E-16,-6.67E-17,-6.66E-17,-1.41E-18,-1.58E-18,-1.43E-18
2908800,4.96E-18,4.96E-18,5.44E-17,5.35E-17,5.36E-17,3.08E-17,3.06E-17,6.51E-19,7.29E-19,6.60E-19
2912400,3.56E-17,3.56E-17,3.91E-16,3.84E-16,3.85E-16,2.21E-16,2.20E-16,4.67E-18,5.24E-18,4.74E-18
2916000,8.47E-17,8.47E-17,9.29E-16,9.14E-16,9.16E-16,-5.26E-16,-5.24E-16,-1.11E-17,-1.25E-17,-1.13E-17
2919600,5.64E-17,5.65E-17,6.19E-16,6.09E-16,6.11E-16,3.50E-16,3.49E-16,7.40E-18,8.30E-18,7.51E-18
2923200,2.20E-17,2.20E-17,2.42E-16,2.38E-16,2.38E-16,1.37E-16,1.36E-16,2.89E-18,3.24E-18,2.93E-18
2926800,5.82E-18,5.82E-18,6.39E-17,6.28E-17,6.30E-17,-3.61E-17,-3.60E-17,-7.63E-19,-8.56E-19,-7.75E-19
2930400,1.83E-19,1.83E-19,2.00E-18,1.97E-18,1.98E-18,-1.14E-18,-1.13E-18,-2.40E-20,-2.69E-20,-2.43E-20
2934000,4.46E-17,4.47E-17,4.90E-16,4.82E-16,4.83E-16,2.77E-16,2.76E-16,5.85E-18,6.56E-18,5.94E-18
2937600,1.01E-17,1.01E-17,1.11E-16,1.09E-16,1.09E-16,6.27E-17,6.25E-17,1.32E-18,1.49E-18,1.34E-18
2941200,1.77E-17,1.77E-17,1.95E-16,1.91E-16,1.92E-16,-1.10E-16,-1.10E-16,-2.33E-18,-2.61E-18,-2.36E-18
2944800,1.21E-17,1.21E-17,1.33E-16,1.31E-16,1.31E-16,-7.52E-17,-7.50E-17,-1.59E-18,-1.78E-18,-1.61E-18
2948400,7.34E-19,7.48E-19,8.18E-18,8.03E-18,8.06E-18,4.52E-18,4.89E-18,9.78E-20,1.09E-19,9.56E-20
2952000,1.82E-18,1.82E-18,2.00E-17,1.97E-17,1.97E-17,-1.13E-17,-1.13E-17,-2.39E-19,-2.68E-19,-2.42E-19
2955600,9.31E-17,9.32E-17,1.02E-15,1.00E-15,1.01E-15,-5.78E-16,-5.77E-16,-1.22E-17,-1.37E-17,-1.24E-17
2959200,5.51E-17,5.51E-17,6.04E-16,5.94E-16,5.96E-16,3.42E-16,3.41E-16,7.22E-18,8.10E-18,7.33E-18
2962800,2.07E-17,2.07E-17,2.27E-16,2.23E-16,2.24E-16,1.28E-16,1.28E-16,2.71E-18,3.04E-18,2.75E-18
2966400,7.18E-18,7.18E-18,7.87E-17,7.74E-17,7.76E-17,-4.45E-17,-4.44E-17,-9.41E-19,-1.06E-18,-9.55E-19
2970000,1.54E-18,1.54E-18,1.69E-17,1.66E-17,1.66E-17,-9.55E-18,-9.51E-18,-2.02E-19,-2.26E-19,-2.05E-19
2973600,4.32E-17,4.32E-17,4.74E-16,4.66E-16,4.67E-16,2.68E-16,2.67E-16,5.66E-18,6.35E-18,5.75E-18
2977200,3.64E-17,3.64E-17,3.99E-16,3.92E-16,3.93E-16,-2.26E-16,-2.25E-16,-4.77E-18,-5.35E-18,-4.84E-18
2980800,1.91E-17,1.91E-17,2.10E-16,2.06E-16,2.07E-16,-1.19E-16,-1.18E-16,-2.50E-18,-2.81E-18,-2.54E-18
2984400,1.35E-17,1.35E-17,1.48E-16,1.45E-16,1.46E-16,-8.36E-17,-8.33E-17,-1.77E-18,-1.98E-18,-1.79E-18
2988000,3.12E-17,3.12E-17,3.43E-16,3.37E-16,3.38E-16,1.94E-16,1.93E-16,4.10E-18,4.59E-18,4.16E-18
2991600,3.18E-18,3.18E-18,3.49E-17,3.43E-17,3.44E-17,-1.97E-17,-1.97E-17,-4.17E-19,-4.67E-19,-4.23E-19
2995200,6.19E-17,6.19E-17,6.79E-16,6.67E-16,6.69E-16,-3.84E-16,-3.83E-16,-8.11E-18,-9.10E-18,-8.23E-18
2998800,5.37E-17,5.37E-17,5.90E-16,5.80E-16,5.81E-16,3.34E-16,3.33E-16,7.05E-18,7.90E-18,7.15E-18
3002400,1.93E-17,1.93E-17,2.12E-16,2.08E-16,2.09E-16,1.20E-16,1.20E-16,2.53E-18,2.84E-18,2.57E-18
3006000,8.53E-18,8.53E-18,9.36E-17,9.20E-17,9.23E-17,-5.30E-17,-5.28E-17,-1.12E-18,-1.25E-18,-1.14E-18
3009600,2.89E-18,2.89E-18,3.17E-17,3.12E-17,3.13E-17,-1.80E-17,-1.79E-17,-3.79E-19,-4.25E-19,-3.85E-19
3013200,4.18E-17,4.18E-17,4.59E-16,4.51E-16,4.52E-16,2.60E-16,2.59E-16,5.48E-18,6.15E-18,5.56E-18
3016800,7.39E-18,7.39E-18,8.11E-17,7.97E-17,8.00E-17,4.59E-17,4.58E-17,9.69E-19,1.09E-18,9.84E-19
3020400,2.05E-17,2.05E-17,2.24E-16,2.21E-16,2.21E-16,-1.27E-16,-1.27E-16,-2.68E-18,-3.01E-18,-2.72E-18
3024000,6.43E-17,6.43E-17,7.06E-16,6.94E-16,6.96E-16,3.99E-16,3.98E-16,8.43E-18,9.45E-18,8.56E-18
3027600,2.99E-17,2.99E-17,3.28E-16,3.22E-16,3.23E-16,1.86E-16,1.85E-16,3.92E-18,4.39E-18,3.98E-18
3031200,4.53E-18,4.53E-18,4.97E-17,4.89E-17,4.90E-17,-2.81E-17,-2.81E-17,-5.94E-19,-6.66E-19,-6.03E-19
3034800,6.32E-17,6.32E-17,6.94E-16,6.82E-16,6.84E-16,-3.92E-16,-3.91E-16,-8.29E-18,-9.29E-18,-8.41E-18
3038400,4.79E-17,4.79E-17,5.26E-16,5.17E-16,5.19E-16,2.98E-16,2.97E-16,6.29E-18,7.05E-18,6.38E-18
3042000,1.80E-17,1.80E-17,1.97E-16,1.94E-16,1.94E-16,1.11E-16,1.11E-16,2.35E-18,2.64E-18,2.39E-18
3045600,9.88E-18,9.89E-18,1.08E-16,1.07E-16,1.07E-16,-6.14E-17,-6.12E-17,-1.30E-18,-1.45E-18,-1.32E-18
3049200,4.25E-18,4.25E-18,4.66E-17,4.58E-17,4.59E-17,-2.64E-17,-2.63E-17,-5.57E-19,-6.24E-19,-5.65E-19
3052800,4.04E-17,4.05E-17,4.44E-16,4.36E-16,4.38E-16,2.51E-16,2.50E-16,5.30E-18,5.95E-18,5.38E-18
3056400,4.21E-17,4.21E-17,4.62E-16,4.54E-16,4.55E-16,2.61E-16,2.60E-16,5.52E-18,6.18E-18,5.60E-18
3060000,7.81E-17,7.81E-17,8.57E-16,8.42E-16,8.45E-16,-4.85E-16,-4.83E-16,-1.02E-17,-1.15E-17,-1.04E-17
3063600,6.29E-17,6.30E-17,6.91E-16,6.79E-16,6.81E-16,3.91E-16,3.90E-16,8.25E-18,9.25E-18,8.38E-18
3067200,2.85E-17,2.85E-17,3.13E-16,3.08E-16,3.09E-16,1.77E-16,1.77E-16,3.74E-18,4.19E-18,3.80E-18
3070800,5.89E-18,5.89E-18,6.46E-17,6.35E-17,6.37E-17,-3.65E-17,-3.64E-17,-7.72E-19,-8.65E-19,-7.83E-19
3074400,9.01E-17,9.01E-17,9.89E-16,9.72E-16,9.75E-16,-5.59E-16,-5.58E-16,-1.18E-17,-1.32E-17,-1.20E-17
3078000,5.10E-17,5.10E-17,5.60E-16,5.50E-16,5.52E-16,3.17E-16,3.16E-16,6.69E-18,7.50E-18,6.79E-18
3081600,1.66E-17,1.66E-17,1.82E-16,1.79E-16,1.80E-16,1.03E-16,1.03E-16,2.18E-18,2.44E-18,2.21E-18
3085200,1.12E-17,1.12E-17,1.23E-16,1.21E-16,1.22E-16,-6.98E-17,-6.96E-17,-1.47E-18,-1.65E-18,-1.50E-18
3088800,5.60E-18,5.60E-18,6.15E-17,6.04E-17,6.06E-17,-3.48E-17,-3.47E-17,-7.35E-19,-8.24E-19,-7.46E-19
3092400,3.91E-17,3.91E-17,4.29E-16,4.22E-16,4.23E-16,2.43E-16,2.42E-16,5.13E-18,5.75E-18,5.20E-18
3096000,4.07E-17,4.07E-17,4.46E-16,4.39E-16,4.40E-16,2.52E-16,2.52E-16,5.33E-18,5.98E-18,5.41E-18
3099600,8.66E-17,8.66E-17,9.51E-16,9.34E-16,9.37E-16,-5.38E-16,-5.36E-16,-1.14E-17,-1.27E-17,-1.15E-17
3103200,6.16E-17,6.16E-17,6.76E-16,6.64E-16,6.66E-16,3.82E-16,3.81E-16,8.08E-18,9.05E-18,8.20E-18
3106800,2.72E-17,2.72E-17,2.98E-16,2.93E-16,2.94E-16,1.69E-16,1.68E-16,3.56E-18,4.00E-18,3.62E-18
3110400,3.02E-17,3.02E-17,3.31E-16,3.26E-16,3.27E-16,1.88E-16,1.87E-16,3.96E-18,4.44E-18,4.02E-18
3114000,6.90E-17,6.90E-17,7.57E-16,7.45E-16,7.47E-16,-4.29E-16,-4.27E-16,-9.05E-18,-1.01E-17,-9.19E-18
3117600,4.96E-17,4.96E-17,5.44E-16,5.35E-16,5.37E-16,3.08E-16,3.07E-16,6.50E-18,7.29E-18,6.60E-18
3121200,1.52E-17,1.53E-17,1.67E-16,1.65E-16,1.65E-16,9.47E-17,9.44E-17,2.00E-18,2.24E-18,2.03E-18
3124800,2.04E-17,2.05E-17,2.24E-16,2.21E-16,2.21E-16,-1.27E-16,-1.27E-16,-2.68E-18,-3.01E-18,-2.72E-18
3128400,2.28E-18,2.28E-18,2.50E-17,2.46E-17,2.47E-17,1.41E-17,1.41E-17,2.99E-19,3.36E-19,3.04E-19
3132000,3.86E-17,3.86E-17,4.23E-16,4.16E-16,4.17E-16,2.39E-16,2.39E-16,5.06E-18,5.67E-18,5.13E-18
3135600,2.99E-17,2.99E-17,3.28E-16,3.23E-16,3.24E-16,1.86E-16,1.85E-16,3.92E-18,4.40E-18,3.98E-18
3139200,5.54E-17,5.54E-17,6.07E-16,5.97E-16,5.99E-16,-3.44E-16,-3.43E-16,-7.26E-18,-8.14E-18,-7.37E-18
3142800,6.02E-17,6.02E-17,6.61E-16,6.50E-16,6.52E-16,3.74E-16,3.73E-16,7.90E-18,8.86E-18,8.02E-18
3146400,2.58E-17,2.58E-17,2.83E-16,2.79E-16,2.79E-16,1.60E-16,1.60E-16,3.39E-18,3.80E-18,3.44E-18
3150000,8.60E-18,8.60E-18,9.43E-17,9.27E-17,9.30E-17,-5.34E-17,-5.32E-17,-1.13E-18,-1.26E-18,-1.14E-18
3153600,6.73E-17,6.73E-17,7.38E-16,7.26E-16,7.28E-16,-4.18E-16,-4.17E-16,-8.82E-18,-9.89E-18,-8.96E-18
3157200,4.83E-17,4.83E-17,5.30E-16,5.21E-16,5.23E-16,3.00E-16,2.99E-16,6.33E-18,7.10E-18,6.43E-18
3160800,1.39E-17,1.39E-17,1.52E-16,1.50E-16,1.50E-16,8.63E-17,8.60E-17,1.82E-18,2.04E-18,1.85E-18
3164400,1.39E-17,1.40E-17,1.53E-16,1.50E-16,1.51E-16,-8.66E-17,-8.64E-17,-1.83E-18,-2.05E-18,-1.86E-18
3168000,8.31E-18,8.31E-18,9.12E-17,8.97E-17,8.99E-17,-5.16E-17,-5.15E-17,-1.09E-18,-1.22E-18,-1.11E-18
3171600,3.64E-17,3.64E-17,3.99E-16,3.93E-16,3.94E-16,2.26E-16,2.25E-16,4.77E-18,5.35E-18,4.84E-18
3175200,1.97E-18,1.97E-18,2.16E-17,2.13E-17,2.13E-17,1.22E-17,1.22E-17,2.59E-19,2.90E-19,2.63E-19
3178800,8.93E-17,8.94E-17,9.80E-16,9.64E-16,9.66E-16,-5.55E-16,-5.53E-16,-1.17E-17,-1.31E-17,-1.19E-17
3182400,5.89E-17,5.89E-17,6.46E-16,6.35E-16,6.37E-16,3.66E-16,3.65E-16,7.72E-18,8.66E-18,7.84E-18
3186000,2.45E-17,2.45E-17,2.68E-16,2.64E-16,2.65E-16,1.52E-16,1.51E-16,3.21E-18,3.60E-18,3.26E-18
3189600,3.38E-18,3.38E-18,3.71E-17,3.65E-17,3.66E-17,-2.10E-17,-2.09E-17,-4.43E-19,-4.97E-19,-4.50E-19
3193200,2.26E-18,2.26E-18,2.48E-17,2.43E-17,2.44E-17,1.40E-17,1.40E-17,2.96E-19,3.32E-19,3.00E-19
3196800,4.70E-17,4.70E-17,5.15E-16,5.07E-16,5.08E-16,2.91E-16,2.91E-16,6.16E-18,6.90E-18,6.25E-18
3200400,1.25E-17,1.25E-17,1.38E-16,1.35E-16,1.36E-16,7.78E-17,7.76E-17,1.64E-18,1.84E-18,1.67E-18
3204000,6.34E-18,6.34E-18,6.95E-17,6.83E-17,6.85E-17,-3.93E-17,-3.92E-17,-8.31E-19,-9.32E-19,-8.43E-19
3207600,9.67E-18,9.67E-18,1.06E-16,1.04E-16,1.05E-16,-6.00E-17,-5.98E-17,-1.27E-18,-1.42E-18,-1.29E-18
3211200,3.50E-17,3.50E-17,3.84E-16,3.78E-16,3.79E-16,2.17E-16,2.17E-16,4.59E-18,5.15E-18,4.66E-18
3214800,6.18E-19,6.18E-19,6.78E-18,6.67E-18,6.69E-18,3.84E-18,3.82E-18,8.10E-20,9.08E-20,8.23E-20
3218400,5.81E-17,5.81E-17,6.37E-16,6.26E-16,6.28E-16,-3.60E-16,-3.60E-16,-7.61E-18,-8.54E-18,-7.73E-18
3222000,5.75E-17,5.75E-17,6.31E-16,6.21E-16,6.22E-16,3.57E-16,3.56E-16,7.54E-18,8.46E-18,7.66E-18
3225600,2.31E-17,2.31E-17,2.54E-16,2.49E-16,2.50E-16,1.43E-16,1.43E-16,3.03E-18,3.40E-18,3.08E-18
3229200,4.18E-18,4.18E-18,4.58E-17,4.51E-17,4.52E-17,2.60E-17,2.59E-17,5.48E-19,6.15E-19,5.57E-19
3232800,1.01E-17,1.01E-17,1.11E-16,1.09E-16,1.10E-16,6.30E-17,6.28E-17,1.33E-18,1.49E-18,1.35E-18
3236400,4.56E-17,4.56E-17,5.00E-16,4.92E-16,4.93E-16,2.83E-16,2.82E-16,5.98E-18,6.70E-18,6.07E-18
3240000,1.12E-17,1.12E-17,1.23E-16,1.21E-16,1.21E-16,6.94E-17,6.93E-17,1.47E-18,1.64E-18,1.49E-18
3243600,1.67E-17,1.67E-17,1.83E-16,1.80E-16,1.80E-16,-1.03E-16,-1.03E-16,-2.18E-18,-2.45E-18,-2.22E-18
3247200,1.10E-17,1.10E-17,1.21E-16,1.19E-16,1.19E-16,-6.84E-17,-6.82E-17,-1.45E-18,-1.62E-18,-1.47E-18
3250800,2.95E-17,2.95E-17,3.24E-16,3.18E-16,3.19E-16,1.83E-16,1.83E-16,3.87E-18,4.34E-18,3.92E-18
3254400,7.37E-19,7.37E-19,8.09E-18,7.95E-18,7.97E-18,-4.57E-18,-4.56E-18,-9.66E-20,-1.08E-19,-9.80E-20
3258000,5.94E-17,5.94E-17,6.52E-16,6.41E-16,6.43E-16,-3.69E-16,-3.68E-16,-7.79E-18,-8.74E-18,-7.91E-18
3261600,5.62E-17,5.62E-17,6.16E-16,6.06E-16,6.08E-16,3.49E-16,3.48E-16,7.37E-18,8.26E-18,7.48E-18
3265200,2.18E-17,2.18E-17,2.39E-16,2.35E-16,2.35E-16,1.35E-16,1.35E-16,2.85E-18,3.20E-18,2.90E-18
3268800,6.09E-18,6.09E-18,6.68E-17,6.57E-17,6.59E-17,-3.78E-17,-3.77E-17,-7.99E-19,-8.95E-19,-8.11E-19
3272400,4.52E-19,4.53E-19,4.97E-18,4.88E-18,4.90E-18,-2.81E-18,-2.81E-18,-5.94E-20,-6.65E-20,-6.03E-20
3276000,6.33E-17,6.33E-17,6.95E-16,6.83E-16,6.85E-16,3.93E-16,3.92E-16,8.30E-18,9.31E-18,8.43E-18
3279600,3.02E-17,3.02E-17,3.31E-16,3.25E-16,3.26E-16,-1.87E-16,-1.87E-16,-3.95E-18,-4.43E-18,-4.01E-18
3283200,1.80E-17,1.80E-17,1.98E-16,1.94E-16,1.95E-16,-1.12E-16,-1.12E-16,-2.36E-18,-2.65E-18,-2.40E-18
3286800,1.24E-17,1.24E-17,1.36E-16,1.33E-16,1.34E-16,-7.68E-17,-7.66E-17,-1.62E-18,-1.82E-18,-1.65E-18
3290400,3.23E-17,3.23E-17,3.55E-16,3.49E-16,3.50E-16,2.01E-16,2.00E-16,4.24E-18,4.75E-18,4.30E-18
3294000,2.09E-18,2.09E-18,2.29E-17,2.26E-17,2.26E-17,-1.30E-17,-1.29E-17,-2.74E-19,-3.08E-19,-2.78E-19
3297600,6.08E-17,6.08E-17,6.67E-16,6.56E-16,6.57E-16,-3.77E-16,-3.76E-16,-7.97E-18,-8.94E-18,-8.09E-18
3301200,5.48E-17,5.48E-17,6.01E-16,5.91E-16,5.93E-16,3.40E-16,3.39E-16,7.19E-18,8.06E-18,7.30E-18
3304800,2.47E-17,2.47E-17,2.71E-16,2.67E-16,2.67E-16,-1.53E-16,-1.53E-16,-3.24E-18,-3.63E-18,-3.29E-18
3308400,7.45E-18,7.45E-18,8.17E-17,8.03E-17,8.05E-17,-4.62E-17,-4.61E-17,-9.76E-19,-1.09E-18,-9.91E-19
3312000,7.51E-18,7.51E-18,8.24E-17,8.10E-17,8.13E-17,4.66E-17,4.65E-17,9.85E-19,1.10E-18,1.00E-18
3315600,4.29E-17,4.29E-17,4.71E-16,4.63E-16,4.64E-16,2.66E-16,2.66E-16,5.62E-18,6.31E-18,5.71E-18
3319200,8.48E-18,8.48E-18,9.30E-17,9.14E-17,9.17E-17,5.26E-17,5.25E-17,1.11E-18,1.25E-18,1.13E-18
3322800,6.06E-18,6.06E-18,6.65E-17,6.53E-17,6.55E-17,-3.76E-17,-3.75E-17,-7.94E-19,-8.90E-19,-8.06E-19
3326400,1.37E-17,1.37E-17,1.51E-16,1.48E-16,1.49E-16,-8.52E-17,-8.50E-17,-1.80E-18,-2.02E-18,-1.83E-18
3330000,2.68E-17,2.68E-17,2.94E-16,2.89E-16,2.90E-16,1.66E-16,1.66E-16,3.51E-18,3.94E-18,3.56E-18
3333600,3.45E-18,3.45E-18,3.78E-17,3.72E-17,3.73E-17,-2.14E-17,-2.13E-17,-4.52E-19,-5.07E-19,-4.59E-19
3337200,6.21E-17,6.21E-17,6.82E-16,6.70E-16,6.72E-16,-3.86E-16,-3.85E-16,-8.15E-18,-9.13E-18,-8.27E-18
3340800,5.35E-17,5.35E-17,5.87E-16,5.77E-16,5.78E-16,3.32E-16,3.31E-16,7.01E-18,7.86E-18,7.12E-18
3344400,1.90E-17,1.90E-17,2.09E-16,2.05E-16,2.06E-16,1.18E-16,1.18E-16,2.50E-18,2.80E-18,2.54E-18
3348000,8.80E-18,8.80E-18,9.66E-17,9.49E-17,9.52E-17,-5.46E-17,-5.45E-17,-1.15E-18,-1.29E-18,-1.17E-18
3351600,3.16E-18,3.16E-18,3.47E-17,3.41E-17,3.42E-17,-1.96E-17,-1.96E-17,-4.15E-19,-4.65E-19,-4.21E-19
3355200,9.55E-17,9.56E-17,1.05E-15,1.03E-15,1.03E-15,5.93E-16,5.91E-16,1.25E-17,1.40E-17,1.27E-17
3358800,7.12E-18,7.12E-18,7.81E-17,7.68E-17,7.70E-17,4.42E-17,4.41E-17,9.34E-19,1.05E-18,9.48E-19
3362400,4.42E-17,4.42E-17,4.85E-16,4.77E-16,4.78E-16,-2.74E-16,-2.74E-16,-5.79E-18,-6.50E-18,-5.88E-18
3366000,6.40E-17,6.40E-17,7.03E-16,6.91E-16,6.93E-16,3.97E-16,3.96E-16,8.40E-18,9.41E-18,8.52E-18
3369600,5.66E-17,5.66E-17,6.21E-16,6.11E-16,6.13E-16,3.52E-16,3.51E-16,7.43E-18,8.33E-18,7.54E-18
3373200,4.80E-18,4.80E-18,5.27E-17,5.18E-17,5.19E-17,-2.98E-17,-2.97E-17,-6.30E-19,-7.06E-19,-6.39E-19
3376800,9.61E-17,9.61E-17,1.05E-15,1.04E-15,1.04E-15,-5.97E-16,-5.95E-16,-1.26E-17,-1.41E-17,-1.28E-17
3380400,5.21E-17,5.21E-17,5.72E-16,5.62E-16,5.64E-16,3.23E-16,3.23E-16,6.83E-18,7.66E-18,6.94E-18
3384000,4.74E-17,4.74E-17,5.20E-16,5.11E-16,5.13E-16,2.94E-16,2.93E-16,6.22E-18,6.97E-18,6.31E-18
3387600,1.19E-18,1.19E-18,1.30E-17,1.28E-17,1.29E-17,-7.38E-18,-7.40E-18,-1.56E-19,-1.75E-19,-1.58E-19
3391200,4.52E-18,4.52E-18,4.96E-17,4.87E-17,4.89E-17,-2.80E-17,-2.80E-17,-5.92E-19,-6.64E-19,-6.01E-19
3394800,3.33E-17,3.33E-17,3.66E-16,3.59E-16,3.61E-16,2.07E-16,2.06E-16,4.37E-18,4.90E-18,4.44E-18
3398400,5.77E-18,5.77E-18,6.33E-17,6.22E-17,6.24E-17,3.58E-17,3.57E-17,7.56E-19,8.48E-19,7.68E-19
3402000,5.29E-17,5.29E-17,5.81E-16,5.71E-16,5.72E-16,-3.29E-16,-3.28E-16,-6.94E-18,-7.78E-18,-7.04E-18
3405600,6.27E-17,6.27E-17,6.88E-16,6.76E-16,6.78E-16,3.89E-16,3.88E-16,8.22E-18,9.21E-18,8.34E-18
3409200,2.83E-17,2.83E-17,3.10E-16,3.05E-16,3.06E-16,1.75E-16,1.75E-16,3.71E-18,4.15E-18,3.76E-18
3412800,6.16E-18,6.16E-18,6.75E-17,6.64E-17,6.66E-17,-3.82E-17,-3.81E-17,-8.07E-19,-9.05E-19,-8.19E-19
3416400,6.48E-17,6.49E-17,7.11E-16,6.99E-16,7.01E-16,-4.03E-16,-4.01E-16,-8.50E-18,-9.53E-18,-8.63E-18
3420000,5.09E-17,5.09E-17,5.58E-16,5.49E-16,5.50E-16,3.16E-16,3.15E-16,6.67E-18,7.48E-18,6.77E-18
3423600,7.36E-17,7.37E-17,8.08E-16,7.94E-16,7.97E-16,-4.57E-16,-4.56E-16,-9.66E-18,-1.08E-17,-9.80E-18
3427200,1.15E-17,1.15E-17,1.26E-16,1.24E-16,1.25E-16,-7.15E-17,-7.13E-17,-1.51E-18,-1.69E-18,-1.53E-18
3430800,2.07E-18,2.07E-18,2.27E-17,2.23E-17,2.24E-17,1.29E-17,1.28E-17,2.72E-19,3.04E-19,2.76E-19
3434400,3.88E-17,3.88E-17,4.26E-16,4.19E-16,4.20E-16,2.41E-16,2.40E-16,5.09E-18,5.71E-18,5.17E-18
3438000,4.41E-18,4.41E-18,4.84E-17,4.76E-17,4.77E-17,2.74E-17,2.73E-17,5.79E-19,6.49E-19,5.87E-19
3441600,5.43E-17,5.43E-17,5.96E-16,5.85E-16,5.87E-16,-3.37E-16,-3.36E-16,-7.12E-18,-7.98E-18,-7.22E-18
3445200,6.13E-17,6.13E-17,6.73E-16,6.62E-16,6.63E-16,3.81E-16,3.80E-16,8.04E-18,9.02E-18,8.16E-18
3448800,2.69E-17,2.69E-17,2.95E-16,2.90E-16,2.91E-16,1.67E-16,1.67E-16,3.53E-18,3.96E-18,3.58E-18
3452400,2.85E-17,2.85E-17,3.12E-16,3.07E-16,3.08E-16,1.77E-16,1.76E-16,3.73E-18,4.19E-18,3.79E-18
3456000,9.17E-17,9.17E-17,1.01E-15,9.89E-16,9.92E-16,-5.69E-16,-5.68E-16,-1.20E-17,-1.35E-17,-1.22E-17
3459600,4.94E-17,4.94E-17,5.42E-16,5.33E-16,5.34E-16,3.07E-16,3.06E-16,6.48E-18,7.26E-18,6.57E-18
3463200,1.50E-17,1.50E-17,1.64E-16,1.62E-16,1.62E-16,9.30E-17,9.27E-17,1.96E-18,2.20E-18,1.99E-18
3466800,5.31E-17,5.31E-17,5.83E-16,5.73E-16,5.74E-16,3.30E-16,3.29E-16,6.96E-18,7.81E-18,7.07E-18
3470400,5.30E-18,5.30E-18,5.81E-17,5.72E-17,5.73E-17,-3.29E-17,-3.28E-17,-6.95E-19,-7.79E-19,-7.05E-19
3474000,5.41E-17,5.41E-17,5.94E-16,5.84E-16,5.85E-16,3.36E-16,3.35E-16,7.09E-18,7.95E-18,7.20E-18
3477600,3.06E-18,3.06E-18,3.35E-17,3.30E-17,3.31E-17,1.90E-17,1.89E-17,4.01E-19,4.50E-19,4.07E-19
3481200,5.48E-17,5.48E-17,6.01E-16,5.91E-16,5.92E-16,-3.40E-16,-3.39E-16,-7.18E-18,-8.05E-18,-7.29E-18
3484800,6.00E-17,6.00E-17,6.58E-16,6.47E-16,6.49E-16,3.72E-16,3.71E-16,7.86E-18,8.82E-18,7.98E-18
3488400,2.55E-17,2.56E-17,2.80E-16,2.76E-16,2.76E-16,1.59E-16,1.58E-16,3.35E-18,3.76E-18,3.40E-18
3492000,8.86E-18,8.87E-18,9.73E-17,9.56E-17,9.59E-17,-5.50E-17,-5.49E-17,-1.16E-18,-1.30E-18,-1.18E-18
3495600,3.34E-18,3.34E-18,3.67E-17,3.60E-17,3.62E-17,2.07E-17,2.07E-17,4.38E-19,4.91E-19,4.45E-19
3499200,4.80E-17,4.81E-17,5.27E-16,5.18E-16,5.20E-16,2.98E-16,2.97E-16,6.30E-18,7.06E-18,6.39E-18
3502800,1.36E-17,1.36E-17,1.50E-16,1.47E-16,1.47E-16,8.46E-17,8.44E-17,1.79E-18,2.00E-18,1.81E-18
3506400,6.37E-17,6.37E-17,6.99E-16,6.87E-16,6.89E-16,3.95E-16,3.95E-16,8.36E-18,9.37E-18,8.48E-18
3510000,7.87E-19,7.84E-19,8.62E-18,8.47E-18,8.50E-18,4.86E-18,4.84E-18,1.03E-19,1.16E-19,1.04E-19
3513600,3.61E-17,3.61E-17,3.96E-16,3.90E-16,3.91E-16,2.24E-16,2.24E-16,4.74E-18,5.31E-18,4.81E-18
3517200,1.70E-18,1.70E-18,1.87E-17,1.84E-17,1.84E-17,1.06E-17,1.05E-17,2.23E-19,2.50E-19,2.27E-19
3520800,5.70E-17,5.70E-17,6.25E-16,6.15E-16,6.16E-16,-3.54E-16,-3.53E-16,-7.47E-18,-8.38E-18,-7.58E-18
3524400,5.86E-17,5.86E-17,6.43E-16,6.32E-16,6.34E-16,3.64E-16,3.63E-16,7.68E-18,8.62E-18,7.80E-18
3528000,1.57E-17,1.57E-17,1.73E-16,1.70E-16,1.70E-16,-9.77E-17,-9.75E-17,-2.06E-18,-2.31E-18,-2.09E-18
3531600,3.65E-18,3.65E-18,4.01E-17,3.94E-17,3.95E-17,-2.27E-17,-2.26E-17,-4.79E-19,-5.37E-19,-4.86E-19
3535200,1.99E-18,1.99E-18,2.18E-17,2.14E-17,2.15E-17,1.23E-17,1.23E-17,2.61E-19,2.92E-19,2.65E-19
3538800,4.67E-17,4.67E-17,5.12E-16,5.04E-16,5.05E-16,2.90E-16,2.89E-16,6.12E-18,6.86E-18,6.21E-18
3542400,2.77E-17,2.77E-17,3.04E-16,2.99E-16,3.00E-16,-1.72E-16,-1.72E-16,-3.63E-18,-4.07E-18,-3.69E-18
3546000,1.56E-17,1.56E-17,1.71E-16,1.68E-16,1.68E-16,-9.67E-17,-9.64E-17,-2.04E-18,-2.29E-18,-2.07E-18
3549600,9.94E-18,9.94E-18,1.09E-16,1.07E-16,1.07E-16,-6.17E-17,-6.15E-17,-1.30E-18,-1.46E-18,-1.32E-18
3553200,3.48E-17,3.48E-17,3.81E-16,3.75E-16,3.76E-16,2.16E-16,2.15E-16,4.56E-18,5.11E-18,4.63E-18
3556800,3.48E-19,3.48E-19,3.82E-18,3.75E-18,3.77E-18,2.16E-18,2.15E-18,4.56E-20,5.12E-20,4.63E-20
3560400,9.10E-17,9.10E-17,9.98E-16,9.81E-16,9.84E-16,-5.65E-16,-5.63E-16,-1.19E-17,-1.34E-17,-1.21E-17
3564000,5.73E-17,5.73E-17,6.28E-16,6.18E-16,6.19E-16,3.55E-16,3.54E-16,7.51E-18,8.42E-18,7.62E-18
3567600,2.23E-17,2.23E-17,2.44E-16,2.40E-16,2.41E-16,-1.38E-16,-1.38E-16,-2.92E-18,-3.28E-18,-2.97E-18
3571200,5.01E-18,5.01E-18,5.49E-17,5.40E-17,5.42E-17,-3.11E-17,-3.10E-17,-6.56E-19,-7.36E-19,-6.66E-19
3574800,6.32E-19,6.33E-19,6.94E-18,6.82E-18,6.84E-18,3.93E-18,3.92E-18,8.29E-20,9.29E-20,8.41E-20
3578400,3.35E-16,3.35E-16,3.67E-15,3.61E-15,3.62E-15,2.08E-15,2.07E-15,4.39E-17,4.92E-17,4.46E-17
3582000,9.00E-18,8.96E-18,9.88E-17,9.71E-17,9.73E-17,-5.57E-17,-5.74E-17,-1.18E-18,-1.32E-18,-1.20E-18
3585600,5.43E-17,5.43E-17,5.96E-16,5.86E-16,5.88E-16,3.37E-16,3.36E-16,7.12E-18,7.99E-18,7.23E-18
3589200,1.58E-16,1.58E-16,1.73E-15,1.70E-15,1.71E-15,9.79E-16,9.78E-16,2.07E-17,2.32E-17,2.10E-17
3592800,5.54E-16,5.54E-16,6.08E-15,5.98E-15,5.99E-15,3.43E-15,3.43E-15,7.26E-17,8.15E-17,7.39E-17
3596400,2.10E-17,2.10E-17,2.30E-16,2.26E-16,2.27E-16,-1.31E-16,-1.29E-16,-2.75E-18,-3.08E-18,-2.79E-18
3600000,1.28E-16,1.28E-16,1.40E-15,1.38E-15,1.38E-15,-7.92E-16,-7.90E-16,-1.67E-17,-1.88E-17,-1.70E-17
