sample_id,cycle,G1,G2,G3,crack_length
0,59000,0.000683582,0.00069276,0.000694748,0.001152701
1,58000,0.00068261,0.000692651,0.00069483,0.001206379
2,65500,0.000685853,0.000693013,0.000694556,0.00101668
3,60000,0.000682375,0.000692625,0.00069485,0.001219036
4,66500,0.00068602,0.000693031,0.000694542,0.001005965
5,61500,0.000683597,0.000692762,0.000694747,0.001151809
6,63500,0.000685784,0.000693005,0.000694562,0.001021056
7,59500,0.000684842,0.000692901,0.000694641,0.00107926
8,62500,0.000684747,0.00069289,0.000694649,0.001084953
9,55500,0.00068232,0.000692619,0.000694855,0.001221963
10,63000,0.00068494,0.000692912,0.000694633,0.001073363
11,63000,0.000684151,0.000692824,0.0006947,0.001120106
12,60500,0.000684882,0.000692905,0.000694638,0.001076839
13,67500,0.000685769,0.000693004,0.000694563,0.001021968
14,60500,0.000684267,0.000692837,0.00069469,0.001113361
15,67500,0.000685362,0.000692959,0.000694597,0.001047535
16,54500,0.000682295,0.000692616,0.000694857,0.001223269
17,61000,0.000685917,0.00069302,0.00069455,0.001012562
18,67500,0.00068589,0.000693017,0.000694553,0.001014312
19,65000,0.000684751,0.000692891,0.000694649,0.001084712
20,60000,0.000684913,0.000692909,0.000694635,0.001074956
21,55500,0.000683494,0.000692751,0.000694755,0.001157621
22,61500,0.000684718,0.000692887,0.000694652,0.001086699
23,63000,0.000685213,0.000692942,0.00069461,0.001056717
24,65500,0.000685542,0.000692979,0.000694582,0.001036327
25,64500,0.000684894,0.000692907,0.000694637,0.001076102
26,64000,0.000685976,0.000693027,0.000694546,0.001008793
27,62000,0.000685444,0.000692968,0.00069459,0.001042436
28,67000,0.000685631,0.000692989,0.000694575,0.001030703
29,63000,0.000685008,0.000692919,0.000694627,0.001069228
30,63500,0.000683821,0.000692787,0.000694728,0.001139082
31,66500,0.000685983,0.000693027,0.000694545,0.001008306
32,65500,0.000685795,0.000693007,0.000694561,0.001020363
33,67500,0.000685924,0.000693021,0.00069455,0.001012098
34,62000,0.000685142,0.000692934,0.000694616,0.001061061
35,60500,0.000683592,0.000692762,0.000694747,0.001152087
36,57000,0.000682963,0.000692691,0.0006948,0.001187116
37,59000,0.000684473,0.00069286,0.000694672,0.00110126
38,64000,0.000684352,0.000692846,0.000694683,0.001108389
39,64000,0.000685195,0.00069294,0.000694611,0.001057815
40,54500,0.000683718,0.000692776,0.000694736,0.001144965
41,59000,0.000682852,0.000692679,0.00069481,0.001193213
42,62500,0.000684009,0.000692808,0.000694712,0.001128292
43,57500,0.000683214,0.000692719,0.000694779,0.001173275
44,59500,0.000682761,0.000692668,0.000694817,0.001198193
45,61500,0.000685046,0.000692924,0.000694624,0.001066881
46,69000,0.000685976,0.000693027,0.000694546,0.001008784
47,57000,0.000682311,0.000692618,0.000694856,0.001222437
48,65500,0.000686075,0.000693038,0.000694537,0.001002385
49,59500,0.000684002,0.000692807,0.000694712,0.001128735
50,65500,0.000685274,0.000692949,0.000694605,0.001052946
51,69500,0.000685879,0.000693016,0.000694554,0.001015016
52,67500,0.000685483,0.000692972,0.000694587,0.001039983
53,62500,0.000685309,0.000692953,0.000694602,0.001050801
54,63000,0.000685209,0.000692942,0.00069461,0.001056949
55,63000,0.000683925,0.000692799,0.000694719,0.001133126
56,65500,0.000685838,0.000693011,0.000694557,0.001017582
57,66500,0.00068596,0.000693025,0.000694547,0.001009806
58,52500,0.000682011,0.000692584,0.000694881,0.001238333
59,54500,0.000682405,0.000692628,0.000694848,0.001217424
60,64000,0.000684794,0.000692896,0.000694645,0.001082163
61,65500,0.000685716,0.000692998,0.000694567,0.001025371
62,66000,0.00068538,0.000692961,0.000694596,0.001046372
63,69500,0.000685869,0.000693015,0.000694555,0.001015624
64,61000,0.000683889,0.000692795,0.000694722,0.001135238
65,62500,0.000685201,0.000692941,0.000694611,0.001057457
66,57000,0.000682231,0.000692609,0.000694862,0.001226724
67,57500,0.000682846,0.000692678,0.00069481,0.001193571
68,59000,0.000684039,0.000692812,0.000694709,0.001126588
69,68500,0.000686059,0.000693036,0.000694539,0.001003426
70,66500,0.000686033,0.000693033,0.000694541,0.00100509
71,64000,0.000684676,0.000692883,0.000694655,0.001089173
72,64500,0.000685124,0.000692932,0.000694617,0.001062159
73,63500,0.000685371,0.00069296,0.000694597,0.001046977
74,64000,0.000684853,0.000692902,0.00069464,0.001078577
75,60000,0.000685197,0.00069294,0.000694611,0.001057667
76,61000,0.000684469,0.000692859,0.000694673,0.00110148
77,65500,0.000684781,0.000692894,0.000694646,0.001082921
78,59000,0.000684393,0.000692851,0.000694679,0.001105953
79,61500,0.000683226,0.000692721,0.000694778,0.001172609
80,60500,0.00068453,0.000692866,0.000694668,0.001097882
81,60000,0.000685031,0.000692922,0.000694625,0.001067829
82,61500,0.000683966,0.000692803,0.000694715,0.001130798
83,65000,0.000684706,0.000692886,0.000694653,0.0010874
84,61500,0.000685352,0.000692958,0.000694598,0.0010481
85,58500,0.000683521,0.000692754,0.000694753,0.001156137
86,67500,0.000686065,0.000693036,0.000694538,0.001003066
87,65500,0.000685621,0.000692987,0.000694576,0.001031369
88,60000,0.000684428,0.000692855,0.000694676,0.001103906
89,64500,0.000685591,0.000692984,0.000694578,0.001033228
90,66000,0.000684905,0.000692908,0.000694636,0.001075476
91,59500,0.000682958,0.00069269,0.000694801,0.001187443
92,61000,0.000684694,0.000692885,0.000694654,0.001088127
93,70000,0.000686112,0.000693042,0.000694534,0.001000012
94,64000,0.000684984,0.000692917,0.000694629,0.001070697
95,61000,0.000684541,0.000692867,0.000694667,0.001097236
96,45500,0.000675488,0.000691835,0.000695437,0.001546099
97,61000,0.000685436,0.000692967,0.000694591,0.001042927
98,61500,0.000684705,0.000692886,0.000694653,0.001087479
99,70000,0.000686069,0.000693037,0.000694538,0.001002774
100,64500,0.000684964,0.000692914,0.000694631,0.001071912
101,67000,0.000685615,0.000692987,0.000694576,0.001031733
102,58500,0.000684874,0.000692905,0.000694639,0.001077305
103,67000,0.000685821,0.000693009,0.000694559,0.001018705
104,62000,0.000684208,0.00069283,0.000694695,0.001116766
105,58500,0.000683654,0.000692769,0.000694742,0.001148585
106,58000,0.000684271,0.000692837,0.00069469,0.001113132
107,62500,0.000685471,0.000692971,0.000694588,0.001040752
108,67500,0.000685349,0.000692957,0.000694598,0.00104829
109,64500,0.000685735,0.000693,0.000694566,0.001024138
110,66000,0.000685581,0.000692983,0.000694579,0.001033882
111,62000,0.000684686,0.000692884,0.000694654,0.001088617
112,61000,0.000683676,0.000692771,0.00069474,0.00114736
113,59500,0.000683512,0.000692753,0.000694754,0.001156627
114,67000,0.000684978,0.000692916,0.00069463,0.001071063
115,66500,0.000685166,0.000692937,0.000694614,0.001059594
116,65500,0.000685483,0.000692972,0.000694587,0.001039994
117,63500,0.000685936,0.000693022,0.000694549,0.001011324
118,56500,0.000683187,0.000692716,0.000694781,0.001174791
119,61500,0.000683636,0.000692766,0.000694743,0.001149648
120,65000,0.000684887,0.000692906,0.000694637,0.001076566
121,57500,0.000683045,0.0006927,0.000694793,0.001182626
122,57500,0.000682811,0.000692674,0.000694813,0.001195436
123,63500,0.000684873,0.000692904,0.000694639,0.001077392
124,54500,0.000681544,0.000692531,0.000694921,0.001262752
125,56000,0.000681876,0.000692569,0.000694892,0.001245446
126,61500,0.000685456,0.000692969,0.000694589,0.001041659
127,64000,0.00068554,0.000692978,0.000694582,0.001036439
128,63000,0.00068529,0.000692951,0.000694603,0.001051939
129,59000,0.000683881,0.000692794,0.000694722,0.001135656
130,66000,0.000685563,0.000692981,0.00069458,0.001034956
131,64000,0.000685589,0.000692984,0.000694578,0.001033347
132,60000,0.000684526,0.000692866,0.000694668,0.001098126
133,67500,0.000685882,0.000693016,0.000694553,0.00101483
134,64000,0.000685558,0.00069298,0.000694581,0.001035305
135,63500,0.000686016,0.000693031,0.000694542,0.001006183
136,63000,0.000683574,0.00069276,0.000694749,0.001153149
137,64000,0.000685158,0.000692936,0.000694615,0.001060085
138,62500,0.000684475,0.00069286,0.000694672,0.001101107
139,58000,0.000683293,0.000692728,0.000694772,0.001168909
140,61000,0.000682468,0.000692635,0.000694842,0.001214047
141,58500,0.0006834,0.00069274,0.000694763,0.001162939
142,59500,0.000683429,0.000692743,0.000694761,0.00116131
143,63000,0.000685754,0.000693002,0.000694564,0.001022955
144,58500,0.000683677,0.000692771,0.00069474,0.001147309
145,64500,0.000685986,0.000693028,0.000694545,0.001008138
146,63000,0.000683333,0.000692733,0.000694769,0.001166635
147,53500,0.000681821,0.000692563,0.000694897,0.001248325
148,60500,0.000684152,0.000692824,0.0006947,0.001120021
149,62000,0.000685174,0.000692938,0.000694613,0.00105909
150,66000,0.000685119,0.000692932,0.000694618,0.001062461
151,68500,0.000685581,0.000692983,0.000694579,0.001033885
152,63500,0.000683843,0.00069279,0.000694726,0.001137863
153,70000,0.000686106,0.000693041,0.000694535,0.001000379
154,57500,0.00068283,0.000692676,0.000694812,0.001194426
155,65500,0.000685346,0.000692957,0.000694599,0.001048481
156,54000,0.000683202,0.000692718,0.00069478,0.001173959
157,63000,0.00068299,0.000692694,0.000694798,0.001185685
158,63000,0.000684149,0.000692824,0.0006947,0.001120198
159,60000,0.000684857,0.000692903,0.00069464,0.001078364
160,66500,0.000685383,0.000692961,0.000694596,0.001046199
161,67000,0.000685866,0.000693015,0.000694555,0.001015802
162,65500,0.000685724,0.000692999,0.000694567,0.001024851
163,68000,0.000685808,0.000693008,0.00069456,0.001019528
164,61000,0.000684037,0.000692811,0.000694709,0.00112669
165,63000,0.000684313,0.000692842,0.000694686,0.001110674
166,61000,0.000685107,0.00069293,0.000694619,0.001063192
167,63000,0.000685958,0.000693025,0.000694547,0.001009907
168,61000,0.000684078,0.000692816,0.000694706,0.001124302
169,61000,0.000684312,0.000692842,0.000694686,0.001110711
170,66500,0.000685843,0.000693012,0.000694557,0.001017298
171,63000,0.000684718,0.000692887,0.000694652,0.001086714
172,54000,0.000682345,0.000692622,0.000694853,0.001220624
173,62500,0.000685068,0.000692926,0.000694622,0.001065561
174,64500,0.000685403,0.000692963,0.000694594,0.001044961
175,61500,0.000684417,0.000692854,0.000694677,0.001104569
176,56500,0.000682709,0.000692663,0.000694822,0.001201005
177,63500,0.000684145,0.000692823,0.0006947,0.001120473
178,64000,0.00068593,0.000693022,0.000694549,0.0010117
179,62500,0.000685144,0.000692934,0.000694616,0.00106095
180,64000,0.000685567,0.000692981,0.00069458,0.001034729
181,61000,0.000684315,0.000692842,0.000694686,0.001110561
182,63500,0.00068458,0.000692872,0.000694663,0.001094912
183,66500,0.000685421,0.000692965,0.000694592,0.001043827
184,68500,0.000685715,0.000692998,0.000694568,0.001025441
185,66500,0.000685432,0.000692966,0.000694591,0.001043158
186,54500,0.00068118,0.00069249,0.000694952,0.001281471
187,62500,0.000685533,0.000692978,0.000694583,0.001036879
188,63000,0.000684797,0.000692896,0.000694645,0.001081985
189,58500,0.000682302,0.000692617,0.000694856,0.0012229
190,64500,0.000686107,0.000693041,0.000694534,0.001000312
191,64000,0.000685865,0.000693014,0.000694555,0.001015889
192,62000,0.000685304,0.000692952,0.000694602,0.001051095
193,67000,0.000685805,0.000693008,0.00069456,0.001019691
194,61000,0.00068388,0.000692794,0.000694723,0.00113575
195,55500,0.000683148,0.000692712,0.000694785,0.001176934
196,63000,0.000685657,0.000692991,0.000694572,0.001029065
197,61000,0.000684139,0.000692823,0.000694701,0.001120787
198,63500,0.000685056,0.000692925,0.000694623,0.001066294
199,68000,0.000686038,0.000693034,0.00069454,0.001004766
200,59500,0.000683737,0.000692778,0.000694735,0.001143913
201,66500,0.000685964,0.000693025,0.000694547,0.001009537
202,68000,0.000685947,0.000693023,0.000694548,0.001010655
203,62000,0.000685122,0.000692932,0.000694618,0.001062284
204,64000,0.000685667,0.000692993,0.000694572,0.001028432
205,61000,0.000683704,0.000692774,0.000694737,0.001145762
206,55500,0.000682037,0.000692587,0.000694879,0.001236993
207,67500,0.00068522,0.000692943,0.000694609,0.001056244
208,62500,0.000684748,0.000692891,0.000694649,0.001084875
209,57000,0.000683261,0.000692724,0.000694775,0.001170692
210,61500,0.000684133,0.000692822,0.000694701,0.001121127
211,58000,0.000684015,0.000692809,0.000694711,0.001127991
212,60500,0.000684642,0.000692879,0.000694658,0.001091245
213,60500,0.000684582,0.000692872,0.000694663,0.001094822
214,57500,0.000682955,0.00069269,0.000694801,0.001187589
215,56500,0.000682947,0.000692689,0.000694802,0.001188041
216,68000,0.000685719,0.000692998,0.000694567,0.001025173
217,60000,0.000685018,0.000692921,0.000694626,0.00106863
218,60000,0.00068362,0.000692765,0.000694745,0.001150543
219,65000,0.000685741,0.000693001,0.000694565,0.001023783
220,62000,0.000683761,0.00069278,0.000694733,0.001142521
221,59500,0.000683898,0.000692796,0.000694721,0.00113472
222,49500,0.000681941,0.000692576,0.000694887,0.00124206
223,58500,0.000684056,0.000692813,0.000694708,0.00112562
224,63500,0.000684999,0.000692918,0.000694628,0.001069777
225,59500,0.000685556,0.00069298,0.000694581,0.001035443
226,59500,0.00068376,0.00069278,0.000694733,0.001142601
227,65000,0.000686021,0.000693032,0.000694542,0.001005906
228,62500,0.000685008,0.000692919,0.000694627,0.001069223
229,63000,0.000685477,0.000692971,0.000694588,0.00104037
230,63500,0.000684987,0.000692917,0.000694629,0.001070485
231,62000,0.000684991,0.000692918,0.000694629,0.00107027
232,67000,0.000685457,0.000692969,0.000694589,0.00104163
233,61500,0.000684519,0.000692865,0.000694669,0.001098528
234,64000,0.000685389,0.000692962,0.000694595,0.001045804
235,65000,0.00068571,0.000692997,0.000694568,0.001025753
236,58500,0.000683559,0.000692758,0.00069475,0.001153966
237,55500,0.00068108,0.000692479,0.00069496,0.001286534
238,62500,0.000684682,0.000692883,0.000694655,0.00108882
239,66000,0.000685699,0.000692996,0.000694569,0.001026407
240,60000,0.000683735,0.000692778,0.000694735,0.001144027
241,52500,0.000682439,0.000692632,0.000694845,0.001215578
242,67500,0.000685913,0.00069302,0.000694551,0.001012813
243,63500,0.00068606,0.000693036,0.000694538,0.001003379
244,69000,0.000685946,0.000693023,0.000694548,0.001010697
245,57500,0.000683491,0.00069275,0.000694756,0.001157795
246,62000,0.00068486,0.000692903,0.00069464,0.00107819
247,61000,0.000684246,0.000692835,0.000694692,0.00111456
248,66000,0.000684817,0.000692898,0.000694643,0.001080765
249,57000,0.000683075,0.000692704,0.000694791,0.001180951
250,62000,0.000685678,0.000692994,0.000694571,0.001027729
251,60000,0.000684429,0.000692855,0.000694676,0.001103833
252,63000,0.000685217,0.000692943,0.00069461,0.001056444
253,61500,0.000683512,0.000692753,0.000694754,0.001156599
254,63000,0.000685477,0.000692971,0.000694588,0.001040364
255,65500,0.00068547,0.000692971,0.000694588,0.001040802
256,64500,0.000685745,0.000693001,0.000694565,0.001023546
257,63000,0.000684581,0.000692872,0.000694663,0.001094878
258,61000,0.000683828,0.000692788,0.000694727,0.001138724
259,65500,0.000685809,0.000693008,0.00069456,0.001019463
260,62500,0.000685179,0.000692938,0.000694613,0.001058808
261,64500,0.000685774,0.000693004,0.000694563,0.001021705
262,54500,0.000680901,0.000692458,0.000694975,0.001295602
263,63500,0.000684731,0.000692889,0.000694651,0.001085886
264,65000,0.000685747,0.000693001,0.000694565,0.001023417
265,60000,0.000683565,0.000692759,0.000694749,0.001153657
266,62500,0.00068501,0.00069292,0.000694627,0.001069086
267,66500,0.000685239,0.000692945,0.000694608,0.001055074
268,65500,0.000685633,0.000692989,0.000694574,0.001030592
269,62500,0.000685585,0.000692983,0.000694578,0.001033574
270,58000,0.000682151,0.0006926,0.000694869,0.00123096
271,62500,0.000685022,0.000692921,0.000694626,0.001068354
272,51500,0.000681482,0.000692524,0.000694926,0.001265954
273,66500,0.00068611,0.000693041,0.000694534,0.001000129
274,66500,0.00068552,0.000692976,0.000694584,0.001037688
275,66500,0.000685375,0.00069296,0.000694596,0.001046682
276,64000,0.00068573,0.000692999,0.000694566,0.001024477
277,67500,0.000685663,0.000692992,0.000694572,0.001028681
278,62000,0.000685079,0.000692927,0.000694621,0.001064885
279,64000,0.000685743,0.000693001,0.000694565,0.001023664
280,59000,0.000684414,0.000692853,0.000694677,0.001104727
281,56000,0.000682617,0.000692652,0.00069483,0.001206019
282,64500,0.000685686,0.000692995,0.00069457,0.001027266
283,55500,0.000684043,0.000692812,0.000694709,0.001126352
284,56500,0.000683219,0.00069272,0.000694779,0.001173027
285,61000,0.000685898,0.000693018,0.000694552,0.001013779
286,60000,0.000685068,0.000692926,0.000694622,0.001065575
287,64500,0.000685741,0.000693001,0.000694565,0.001023781
288,56000,0.000681649,0.000692543,0.000694912,0.00125732
289,57500,0.00068407,0.000692815,0.000694707,0.001124772
290,61500,0.000684461,0.000692859,0.000694673,0.001101956
291,57500,0.000682704,0.000692662,0.000694822,0.001201287
292,63500,0.00068534,0.000692956,0.000694599,0.001048892
293,62000,0.000684238,0.000692834,0.000694692,0.001115044
294,64000,0.000685039,0.000692923,0.000694625,0.00106731
295,69500,0.00068564,0.00069299,0.000694574,0.001030122
296,63000,0.000685661,0.000692992,0.000694572,0.001028801
297,57000,0.000682853,0.000692679,0.00069481,0.001193143
298,62500,0.000685721,0.000692998,0.000694567,0.001025051
299,58000,0.000683809,0.000692786,0.000694729,0.001139788
300,63500,0.000685793,0.000693006,0.000694561,0.001020476
301,59500,0.000683503,0.000692752,0.000694754,0.001157104
302,67500,0.00068558,0.000692983,0.000694579,0.001033907
303,57000,0.000683427,0.000692743,0.000694761,0.001161385
304,63500,0.000684915,0.000692909,0.000694635,0.001074863
305,66000,0.000686066,0.000693037,0.000694538,0.001002946
306,66500,0.000685315,0.000692953,0.000694601,0.001050415
307,59000,0.000684457,0.000692858,0.000694674,0.001102179
308,60500,0.000684807,0.000692897,0.000694644,0.001081337
309,62000,0.000685836,0.000693011,0.000694557,0.001017758
310,57500,0.000681782,0.000692558,0.0006949,0.001250375
311,66000,0.000685143,0.000692934,0.000694616,0.001060962
312,62000,0.000684309,0.000692842,0.000694686,0.001110859
313,63000,0.000685211,0.000692942,0.00069461,0.001056824
314,57500,0.000682527,0.000692642,0.000694837,0.001210846
315,63500,0.000684657,0.00069288,0.000694657,0.001090311
316,67500,0.000685863,0.000693014,0.000694555,0.00101603
317,59500,0.000683807,0.000692786,0.000694729,0.001139901
318,65000,0.000685012,0.00069292,0.000694627,0.001068992
319,56500,0.000682486,0.000692638,0.000694841,0.001213042
320,63000,0.000684588,0.000692873,0.000694663,0.001094414
321,68500,0.000686089,0.000693039,0.000694536,0.001001521
322,63500,0.000685201,0.000692941,0.000694611,0.001057434
323,66500,0.000685431,0.000692966,0.000694592,0.001043253
324,61500,0.000685257,0.000692947,0.000694606,0.001053968
325,68000,0.000685739,0.000693,0.000694566,0.0010239
326,67000,0.000685968,0.000693026,0.000694546,0.001009286
327,53000,0.000682301,0.000692617,0.000694856,0.001222969
328,64500,0.000684629,0.000692877,0.000694659,0.001092008
329,61500,0.000684242,0.000692834,0.000694692,0.001114776
330,61500,0.000683997,0.000692807,0.000694713,0.00112901
331,62000,0.00068511,0.000692931,0.000694619,0.001063034
332,68000,0.000685366,0.000692959,0.000694597,0.001047254
333,52000,0.000680889,0.000692457,0.000694976,0.001296204
334,62500,0.000684169,0.000692826,0.000694698,0.001119037
335,70500,0.000686055,0.000693035,0.000694539,0.001003663
336,61000,0.000684249,0.000692835,0.000694691,0.001114414
337,57500,0.000683424,0.000692743,0.000694761,0.001161585
338,62000,0.00068517,0.000692937,0.000694614,0.001059356
339,64500,0.000685862,0.000693014,0.000694555,0.001016057
340,53000,0.000681508,0.000692527,0.000694924,0.00126461
341,62500,0.000685737,0.000693,0.000694566,0.001024003
342,64000,0.000684544,0.000692868,0.000694666,0.001097041
343,61500,0.000685548,0.000692979,0.000694582,0.001035912
344,68500,0.000685704,0.000692997,0.000694569,0.001026139
345,57500,0.000683116,0.000692708,0.000694787,0.00117869
346,62500,0.00068498,0.000692916,0.00069463,0.001070911
347,58000,0.000682832,0.000692676,0.000694811,0.001194327
348,60000,0.000684465,0.000692859,0.000694673,0.001101738
349,65000,0.000685515,0.000692976,0.000694584,0.001037993
350,60500,0.000684684,0.000692883,0.000694655,0.001088711
351,63500,0.000685297,0.000692952,0.000694603,0.00105151
352,58500,0.000682574,0.000692647,0.000694833,0.001208297
353,61000,0.000684785,0.000692895,0.000694646,0.001082667
354,58500,0.000682959,0.000692691,0.000694801,0.001187365
355,59500,0.000683151,0.000692712,0.000694784,0.001176776
356,57500,0.000684137,0.000692822,0.000694701,0.001120905
357,63000,0.000685302,0.000692952,0.000694602,0.001051229
358,62500,0.000684896,0.000692907,0.000694637,0.001075991
359,50500,0.000680003,0.000692356,0.000695052,0.001340243
360,60000,0.000684524,0.000692866,0.000694668,0.00109824
361,62500,0.000686064,0.000693036,0.000694538,0.001003111
362,61500,0.000685315,0.000692953,0.000694601,0.001050422
363,66000,0.000685313,0.000692953,0.000694601,0.001050519
364,66000,0.000685773,0.000693004,0.000694563,0.001021756
365,67000,0.000683971,0.000692804,0.000694715,0.001130502
366,49500,0.000676908,0.000692,0.000695316,0.001484249
367,65000,0.000685851,0.000693013,0.000694556,0.001016791
368,63500,0.000685788,0.000693006,0.000694561,0.001020763
369,66000,0.000686076,0.000693038,0.000694537,0.001002363
370,55500,0.000682081,0.000692592,0.000694875,0.001234629
371,72000,0.000685364,0.000692959,0.000694597,0.001047367
372,65500,0.000685551,0.00069298,0.000694581,0.001035736
373,61500,0.000684511,0.000692864,0.000694669,0.001098998
374,62000,0.000684731,0.000692889,0.000694651,0.001085932
375,63000,0.000684394,0.000692851,0.000694679,0.0011059
376,60000,0.000685023,0.000692921,0.000694626,0.001068327
377,57000,0.000683718,0.000692776,0.000694736,0.001144986
378,67000,0.000685615,0.000692987,0.000694576,0.00103171
379,61500,0.000685052,0.000692924,0.000694624,0.001066563
380,67500,0.00068534,0.000692956,0.000694599,0.001048883
381,58500,0.000683925,0.000692799,0.000694719,0.001133172
382,65000,0.000684904,0.000692908,0.000694636,0.001075533
383,61500,0.000684399,0.000692852,0.000694679,0.001105622
384,66500,0.000685569,0.000692982,0.00069458,0.001034596
385,57000,0.000681801,0.00069256,0.000694899,0.001249363
386,61500,0.000684463,0.000692859,0.000694673,0.001101829
387,58500,0.000682706,0.000692662,0.000694822,0.001201163
388,63000,0.00068448,0.000692861,0.000694672,0.001100811
389,56500,0.000683142,0.000692711,0.000694785,0.001177291
390,65500,0.000685623,0.000692988,0.000694575,0.001031235
391,62500,0.000685706,0.000692997,0.000694568,0.001026007
392,64000,0.000685231,0.000692944,0.000694608,0.001055569
393,64000,0.000685949,0.000693024,0.000694548,0.001010494
394,67500,0.000685874,0.000693015,0.000694554,0.001015293
395,67500,0.000686075,0.000693038,0.000694537,0.001002393
396,55500,0.000681458,0.000692521,0.000694928,0.001267187
397,65500,0.000685208,0.000692942,0.00069461,0.001056992
398,52500,0.000680199,0.000692379,0.000695035,0.001330613
399,55500,0.000684513,0.000692864,0.000694669,0.001098885
400,63500,0.000685663,0.000692992,0.000694572,0.001028724
401,67500,0.000686036,0.000693033,0.00069454,0.001004917
402,69000,0.000686077,0.000693038,0.000694537,0.001002263
403,66000,0.000685805,0.000693008,0.00069456,0.001019737
404,59000,0.000683658,0.000692769,0.000694741,0.001148391
405,64000,0.000685706,0.000692997,0.000694568,0.00102598
406,66500,0.000686038,0.000693034,0.00069454,0.001004785
407,55000,0.000680847,0.000692452,0.00069498,0.001298324
408,62000,0.000684649,0.000692879,0.000694658,0.00109084
409,65000,0.000685484,0.000692972,0.000694587,0.001039939
410,65500,0.000685378,0.00069296,0.000694596,0.001046526
411,62000,0.000684786,0.000692895,0.000694646,0.001082649
412,68000,0.00068476,0.000692892,0.000694648,0.001084209
413,58500,0.000685022,0.000692921,0.000694626,0.001068395
414,64500,0.000685014,0.00069292,0.000694627,0.00106885
415,63000,0.000684585,0.000692872,0.000694663,0.001094626
416,68500,0.000685393,0.000692962,0.000694595,0.001045576
417,67000,0.000685719,0.000692998,0.000694567,0.001025184
418,62500,0.000684912,0.000692909,0.000694635,0.001075021
419,66000,0.00068571,0.000692997,0.000694568,0.001025761
420,58500,0.000682578,0.000692648,0.000694833,0.001208105
421,59500,0.000683164,0.000692714,0.000694783,0.001176053
422,63500,0.000684536,0.000692867,0.000694667,0.001097525
423,58500,0.000683046,0.0006927,0.000694793,0.001182557
424,62500,0.000686067,0.000693037,0.000694538,0.001002892
425,61000,0.000684547,0.000692868,0.000694666,0.001096846
426,66000,0.000685582,0.000692983,0.000694579,0.001033807
427,59000,0.000684498,0.000692863,0.00069467,0.001099752
428,62000,0.000684908,0.000692908,0.000694636,0.001075293
429,65500,0.000685882,0.000693016,0.000694553,0.00101481
430,59000,0.00068484,0.000692901,0.000694641,0.001079355
431,59000,0.000685191,0.00069294,0.000694612,0.001058023
432,67000,0.000684921,0.00069291,0.000694635,0.001074477
433,58000,0.000684412,0.000692853,0.000694678,0.001104817
434,61000,0.000685087,0.000692928,0.000694621,0.001064384
435,64000,0.000685388,0.000692962,0.000694595,0.001045922
436,60500,0.000682486,0.000692637,0.000694841,0.001213083
437,62500,0.000685724,0.000692999,0.000694567,0.001024836
438,68000,0.000685891,0.000693017,0.000694553,0.001014218
439,66000,0.000685967,0.000693026,0.000694546,0.001009382
440,62500,0.000684738,0.000692889,0.00069465,0.001085482
441,58500,0.000683113,0.000692708,0.000694788,0.001178861
442,64000,0.000685596,0.000692985,0.000694578,0.001032911
443,64000,0.000685008,0.000692919,0.000694627,0.001069206
444,60500,0.000684638,0.000692878,0.000694658,0.001091441
445,62500,0.000686028,0.000693032,0.000694541,0.001005438
446,67500,0.000685708,0.000692997,0.000694568,0.001025832
447,65000,0.000685439,0.000692967,0.000694591,0.001042725
448,59500,0.000682748,0.000692667,0.000694818,0.001198913
449,70000,0.000685999,0.000693029,0.000694544,0.001007324
450,68000,0.000685854,0.000693013,0.000694556,0.001016575
451,60000,0.000685014,0.00069292,0.000694627,0.001068828
452,58000,0.000683213,0.000692719,0.000694779,0.001173351
453,64500,0.000685751,0.000693002,0.000694565,0.001023155
454,53500,0.0006825,0.000692639,0.000694839,0.001212298
455,59000,0.000682763,0.000692669,0.000694817,0.001198052
456,61500,0.000685018,0.000692921,0.000694626,0.00106862
457,57000,0.000681871,0.000692568,0.000694893,0.001245724
458,56500,0.000683114,0.000692708,0.000694787,0.001178838
459,56000,0.000682888,0.000692683,0.000694807,0.001191247
460,63000,0.000684153,0.000692824,0.000694699,0.001119953
461,65500,0.000685168,0.000692937,0.000694614,0.001059473
462,53000,0.000681624,0.00069254,0.000694914,0.001258589
463,61500,0.00068469,0.000692884,0.000694654,0.001088343
464,56500,0.000683062,0.000692702,0.000694792,0.001181704
465,67500,0.000685849,0.000693013,0.000694556,0.001016905
466,64000,0.000685735,0.000693,0.000694566,0.001024153
467,61000,0.000684792,0.000692895,0.000694646,0.001082284
468,71000,0.000686084,0.000693039,0.000694536,0.001001836
469,66500,0.000685299,0.000692952,0.000694603,0.001051392
470,69500,0.000686085,0.000693039,0.000694536,0.001001743
471,65000,0.000685293,0.000692951,0.000694603,0.001051801
472,65500,0.000686067,0.000693037,0.000694538,0.001002942
473,58500,0.000683387,0.000692739,0.000694764,0.001163632
474,65500,0.000685702,0.000692996,0.000694569,0.001026245
475,64500,0.000685072,0.000692926,0.000694622,0.001065344
476,58500,0.000683853,0.000692791,0.000694725,0.001137283
477,68000,0.000686091,0.000693039,0.000694536,0.001001343
478,56000,0.000683919,0.000692798,0.000694719,0.001133481
479,66500,0.000685577,0.000692983,0.000694579,0.001034103
480,57500,0.000681544,0.000692531,0.000694921,0.001262747
481,63500,0.000684104,0.000692819,0.000694704,0.001122823
482,56500,0.000683109,0.000692707,0.000694788,0.001179087
483,68500,0.000685546,0.000692979,0.000694582,0.001036061
484,60500,0.000684775,0.000692893,0.000694647,0.001083297
485,56000,0.000683005,0.000692696,0.000694797,0.001184858
486,66500,0.000685611,0.000692986,0.000694576,0.00103197
487,61500,0.000685283,0.00069295,0.000694604,0.001052372
488,62000,0.00068447,0.00069286,0.000694673,0.001101419
489,69000,0.000685592,0.000692984,0.000694578,0.001033166
490,64000,0.000685769,0.000693004,0.000694563,0.001022021
491,66000,0.000685791,0.000693006,0.000694561,0.001020612
492,64000,0.00068545,0.000692968,0.00069459,0.001042025
493,67000,0.000685768,0.000693004,0.000694563,0.001022032
494,66000,0.000685116,0.000692931,0.000694618,0.001062664
495,60500,0.000683919,0.000692798,0.000694719,0.00113349
496,57000,0.000682915,0.000692686,0.000694804,0.001189785
497,64500,0.000685447,0.000692968,0.00069459,0.00104221
498,66500,0.000685863,0.000693014,0.000694555,0.001016006
499,68500,0.000686056,0.000693035,0.000694539,0.001003622
500,57000,0.00068163,0.000692541,0.000694913,0.001258272
501,66000,0.000685132,0.000692933,0.000694617,0.001061656
502,64000,0.00068545,0.000692968,0.00069459,0.001042029
503,56500,0.000683774,0.000692782,0.000694732,0.001141775
504,64500,0.000685087,0.000692928,0.000694621,0.001064439
505,56500,0.000682842,0.000692677,0.000694811,0.001193779
506,60000,0.000683949,0.000692801,0.000694717,0.001131762
507,59500,0.000683315,0.000692731,0.00069477,0.00116767
508,54500,0.000681397,0.000692515,0.000694933,0.001270323
509,68000,0.000685632,0.000692989,0.000694575,0.001030665
510,65000,0.000685305,0.000692952,0.000694602,0.001051027
511,64500,0.000685977,0.000693027,0.000694545,0.001008684
512,62500,0.00068516,0.000692936,0.000694614,0.001059958
513,67000,0.000685497,0.000692974,0.000694586,0.001039125
514,63000,0.000684439,0.000692856,0.000694675,0.001103248
515,65500,0.000685406,0.000692964,0.000694594,0.001044797
516,63000,0.000684666,0.000692881,0.000694656,0.00108981
517,65000,0.000685895,0.000693018,0.000694552,0.001013965
518,63500,0.000685842,0.000693012,0.000694557,0.001017369
519,61500,0.000683861,0.000692792,0.000694724,0.00113682
520,65500,0.000685452,0.000692969,0.00069459,0.001041903
521,68500,0.000686104,0.000693041,0.000694535,0.001000531
522,61000,0.000684382,0.00069285,0.00069468,0.001106609
523,64500,0.00068518,0.000692938,0.000694613,0.001058745
524,60000,0.000684381,0.00069285,0.00069468,0.001106641
525,56000,0.000682341,0.000692621,0.000694853,0.001220858
526,61000,0.000685372,0.00069296,0.000694597,0.001046898
527,59500,0.000684918,0.000692909,0.000694635,0.001074689
528,62500,0.000685184,0.000692939,0.000694612,0.001058505
529,57000,0.000681827,0.000692563,0.000694897,0.00124803
530,64500,0.000685239,0.000692945,0.000694608,0.001055075
531,64500,0.000684313,0.000692842,0.000694686,0.001110649
532,66000,0.000685718,0.000692998,0.000694567,0.00102521
533,57500,0.00068334,0.000692733,0.000694768,0.001166265
534,63500,0.000685402,0.000692963,0.000694594,0.001045017
535,59500,0.000684227,0.000692832,0.000694693,0.001115688
536,66500,0.000685624,0.000692988,0.000694575,0.00103114
537,62000,0.000685663,0.000692992,0.000694572,0.001028672
538,63000,0.000685255,0.000692947,0.000694606,0.001054136
539,63000,0.000684132,0.000692822,0.000694701,0.001121186
540,65000,0.000685846,0.000693012,0.000694556,0.001017082
541,63500,0.000685132,0.000692933,0.000694617,0.001061664
542,55500,0.000682502,0.000692639,0.000694839,0.001212215
543,63500,0.000684979,0.000692916,0.00069463,0.00107097
544,57000,0.000683329,0.000692732,0.000694769,0.001166887
545,64500,0.000684959,0.000692914,0.000694631,0.001072191
546,59500,0.000683086,0.000692705,0.00069479,0.001180363
547,69000,0.00068581,0.000693008,0.00069456,0.001019382
548,65500,0.000684061,0.000692814,0.000694707,0.001125302
549,67500,0.000685505,0.000692975,0.000694585,0.001038638
550,64000,0.000685322,0.000692954,0.000694601,0.001049969
551,57500,0.000683538,0.000692756,0.000694752,0.001155132
552,60500,0.000684896,0.000692907,0.000694637,0.001075996
553,57000,0.000682409,0.000692629,0.000694847,0.001217185
554,62500,0.000685686,0.000692995,0.00069457,0.001027255
555,63000,0.000686088,0.000693039,0.000694536,0.001001587
556,58000,0.000683031,0.000692699,0.000694794,0.001183411
557,60500,0.000684372,0.000692849,0.000694681,0.001107211
558,66500,0.000685718,0.000692998,0.000694567,0.001025236
559,67500,0.000685805,0.000693008,0.00069456,0.001019724
560,66000,0.000685958,0.000693025,0.000694547,0.001009965
561,64000,0.000685675,0.000692993,0.000694571,0.001027965
562,64500,0.000685534,0.000692978,0.000694583,0.001036822
563,58000,0.000683804,0.000692785,0.000694729,0.001140066
564,63000,0.000684916,0.000692909,0.000694635,0.001074772
565,70000,0.00068596,0.000693025,0.000694547,0.001009833
566,61000,0.000684115,0.00069282,0.000694703,0.0011222
567,63500,0.000684117,0.00069282,0.000694703,0.001122089
568,59500,0.000683404,0.00069274,0.000694763,0.001162709
569,63500,0.000685686,0.000692995,0.00069457,0.001027217
570,66000,0.000685595,0.000692985,0.000694578,0.001032963
571,64500,0.000685945,0.000693023,0.000694548,0.001010777
572,60000,0.000684803,0.000692897,0.000694645,0.001081627
573,66500,0.000685649,0.000692991,0.000694573,0.001029556
574,61000,0.000683646,0.000692768,0.000694742,0.001149084
575,68500,0.00068586,0.000693014,0.000694555,0.001016193
576,62500,0.000684379,0.000692849,0.00069468,0.001106759
577,62500,0.000683855,0.000692791,0.000694725,0.001137134
578,66000,0.000686077,0.000693038,0.000694537,0.001002241
579,66000,0.000686005,0.00069303,0.000694543,0.001006937
580,65000,0.000684951,0.000692913,0.000694632,0.001072673
581,63500,0.000686098,0.00069304,0.000694535,0.001000936
582,63500,0.000684205,0.00069283,0.000694695,0.001116957
583,62500,0.000685011,0.00069292,0.000694627,0.001069063
584,68500,0.000685757,0.000693002,0.000694564,0.001022755
585,56000,0.000681879,0.000692569,0.000694892,0.001245281
586,56000,0.000682238,0.00069261,0.000694862,0.00122632
587,61500,0.000685631,0.000692988,0.000694575,0.001030728
588,57500,0.000683551,0.000692757,0.00069475,0.00115443
589,57000,0.000683356,0.000692735,0.000694767,0.001165378
590,59000,0.000683093,0.000692706,0.000694789,0.001180001
591,63000,0.000685277,0.000692949,0.000694605,0.001052766
592,66500,0.000685857,0.000693014,0.000694556,0.001016393
593,62500,0.000684447,0.000692857,0.000694675,0.001102761
594,64500,0.000685391,0.000692962,0.000694595,0.001045685
595,56000,0.000683312,0.00069273,0.000694771,0.001167832
596,59000,0.000685025,0.000692921,0.000694626,0.001068211
597,67000,0.000685379,0.000692961,0.000694596,0.001046458
598,63500,0.000685549,0.000692979,0.000694582,0.001035857
599,63500,0.000684868,0.000692904,0.000694639,0.001077704
600,59000,0.000682651,0.000692656,0.000694827,0.001204141
601,56500,0.000682082,0.000692592,0.000694875,0.00123462
602,64500,0.000685503,0.000692974,0.000694585,0.001038769
603,59500,0.000684829,0.0006929,0.000694642,0.001080045
604,65500,0.000686004,0.00069303,0.000694543,0.001007007
605,63500,0.000684903,0.000692908,0.000694636,0.001075583
606,62000,0.00068528,0.00069295,0.000694604,0.001052573
607,67000,0.00068593,0.000693022,0.000694549,0.001011704
608,62500,0.000685284,0.00069295,0.000694604,0.001052303
609,63500,0.000684903,0.000692908,0.000694636,0.001075555
610,60000,0.000684863,0.000692903,0.000694639,0.001078
611,67000,0.000685247,0.000692946,0.000694607,0.001054635
612,65000,0.000685339,0.000692956,0.000694599,0.001048956
613,63500,0.000685269,0.000692948,0.000694605,0.001053233
614,61500,0.000685446,0.000692968,0.00069459,0.001042264
615,62000,0.000684606,0.000692875,0.000694661,0.001093341
616,63500,0.000684359,0.000692847,0.000694682,0.001107979
617,57500,0.000683689,0.000692772,0.000694739,0.001146637
618,60000,0.000684606,0.000692875,0.000694661,0.001093353
619,60000,0.000684389,0.000692851,0.00069468,0.001106192
620,55500,0.000681773,0.000692557,0.000694901,0.001250823
621,62500,0.000685534,0.000692978,0.000694583,0.001036771
622,54000,0.000681952,0.000692577,0.000694886,0.001241443
623,58000,0.000682984,0.000692693,0.000694798,0.00118598
624,61500,0.000685665,0.000692992,0.000694572,0.001028596
625,65000,0.000685924,0.000693021,0.00069455,0.001012135
626,58000,0.000684232,0.000692833,0.000694693,0.001115412
627,56000,0.000682806,0.000692673,0.000694814,0.001195736
628,63500,0.000684767,0.000692893,0.000694648,0.001083782
629,62500,0.000685079,0.000692927,0.000694621,0.001064877
630,62000,0.000685461,0.00069297,0.000694589,0.001041354
631,66000,0.000686065,0.000693036,0.000694538,0.001003037
632,61500,0.000684084,0.000692817,0.000694705,0.001123954
633,60500,0.000683572,0.000692759,0.000694749,0.001153259
634,67000,0.000685921,0.000693021,0.00069455,0.001012309
635,62500,0.000684469,0.00069286,0.000694673,0.001101456
636,67000,0.000685547,0.000692979,0.000694582,0.001035969
637,55500,0.00068295,0.00069269,0.000694801,0.00118783
638,63500,0.00068438,0.00069285,0.00069468,0.001106729
639,65500,0.000685088,0.000692928,0.00069462,0.001064327
640,60000,0.000683554,0.000692757,0.00069475,0.001154272
641,65000,0.000685484,0.000692972,0.000694587,0.001039907
642,63000,0.000685286,0.00069295,0.000694604,0.001052217
643,61500,0.000684191,0.000692829,0.000694696,0.001117753
644,67500,0.000685241,0.000692945,0.000694608,0.001054962
645,64500,0.000685999,0.000693029,0.000694544,0.001007291
646,67000,0.000685967,0.000693026,0.000694546,0.001009367
647,58000,0.000683292,0.000692728,0.000694772,0.001168928
648,57500,0.000683154,0.000692712,0.000694784,0.00117663
649,64500,0.000684269,0.000692837,0.00069469,0.001113247
650,58500,0.000683504,0.000692752,0.000694754,0.00115706
651,58000,0.000683389,0.000692739,0.000694764,0.001163527
652,64500,0.000685117,0.000692932,0.000694618,0.001062559
653,60500,0.000684363,0.000692848,0.000694682,0.00110774
654,62500,0.000684585,0.000692872,0.000694663,0.001094608
655,65000,0.000685953,0.000693024,0.000694547,0.001010275
656,58500,0.000682769,0.000692669,0.000694817,0.001197761
657,66000,0.000685382,0.000692961,0.000694596,0.001046256
658,62500,0.000683499,0.000692751,0.000694755,0.001157347
659,65000,0.000684525,0.000692866,0.000694668,0.001098197
660,55500,0.000681836,0.000692564,0.000694896,0.001247542
661,62000,0.000684686,0.000692884,0.000694654,0.001088633
662,54000,0.000681923,0.000692574,0.000694888,0.001243007
663,64500,0.000684655,0.00069288,0.000694657,0.001090483
664,64500,0.000685683,0.000692994,0.00069457,0.00102745
665,63500,0.000684778,0.000692894,0.000694647,0.001083106
666,66000,0.000685762,0.000693003,0.000694564,0.001022461
667,58000,0.000683202,0.000692718,0.00069478,0.001173936
668,60000,0.000682944,0.000692689,0.000694802,0.001188213
669,66000,0.000685287,0.00069295,0.000694604,0.001052143
670,60000,0.000684728,0.000692888,0.000694651,0.001086092
671,63000,0.000684879,0.000692905,0.000694638,0.001077046
672,67500,0.000685989,0.000693028,0.000694544,0.001007941
673,61000,0.00068366,0.000692769,0.000694741,0.001148254
674,64000,0.00068515,0.000692935,0.000694615,0.001060574
675,67500,0.000685296,0.000692951,0.000694603,0.001051559
676,54500,0.000681475,0.000692523,0.000694926,0.001266287
677,66500,0.000685596,0.000692985,0.000694578,0.001032944
678,60500,0.000684602,0.000692874,0.000694662,0.0010936
679,64000,0.000685844,0.000693012,0.000694557,0.001017215
680,60500,0.000684023,0.00069281,0.00069471,0.001127485
681,63000,0.00068558,0.000692983,0.000694579,0.001033909
682,59500,0.000684625,0.000692877,0.00069466,0.001092268
683,64000,0.00068598,0.000693027,0.000694545,0.001008495
684,57000,0.000684044,0.000692812,0.000694709,0.001126302
685,62500,0.000684437,0.000692856,0.000694676,0.001103387
686,59500,0.000682874,0.000692681,0.000694808,0.001192044
687,57500,0.000683795,0.000692784,0.00069473,0.001140569
688,57000,0.000682835,0.000692677,0.000694811,0.001194159
689,53500,0.000682878,0.000692682,0.000694807,0.001191773
690,57500,0.000683509,0.000692752,0.000694754,0.001156818
691,63000,0.000684921,0.00069291,0.000694635,0.001074487
692,64000,0.000685715,0.000692998,0.000694568,0.001025389
693,62500,0.000685036,0.000692923,0.000694625,0.001067505
694,57000,0.000683444,0.000692745,0.000694759,0.001160427
695,63000,0.00068484,0.000692901,0.000694641,0.001079346
696,59500,0.000684142,0.000692823,0.0006947,0.001120595
697,56000,0.000683834,0.000692789,0.000694727,0.001138369
698,52500,0.000681853,0.000692566,0.000694894,0.001246657
699,62000,0.000685014,0.00069292,0.000694627,0.001068869
700,62500,0.000684652,0.00069288,0.000694657,0.001090642
701,67500,0.000685793,0.000693006,0.000694561,0.001020478
702,66000,0.000685949,0.000693024,0.000694548,0.001010514
703,64500,0.000685661,0.000692992,0.000694572,0.001028808
704,60500,0.000685008,0.000692919,0.000694627,0.001069248
705,64000,0.000685295,0.000692951,0.000694603,0.001051621
706,55500,0.000682234,0.000692609,0.000694862,0.001226514
707,63000,0.00068257,0.000692647,0.000694834,0.001208517
708,60000,0.000684373,0.000692849,0.000694681,0.001107128
709,60500,0.000685469,0.000692971,0.000694588,0.001040888
710,50500,0.000679912,0.000692346,0.000695059,0.001344693
711,59500,0.000684822,0.000692899,0.000694643,0.001080435
712,65000,0.000685562,0.000692981,0.00069458,0.001035051
713,54000,0.000681547,0.000692531,0.00069492,0.001262608
714,59000,0.000683446,0.000692745,0.000694759,0.001160354
715,61500,0.000683573,0.000692759,0.000694749,0.001153175
716,67000,0.000685844,0.000693012,0.000694557,0.001017248
717,58000,0.000683363,0.000692736,0.000694766,0.001165005
718,60000,0.000682985,0.000692694,0.000694798,0.001185913
719,58500,0.000683008,0.000692696,0.000694796,0.001184672
720,63500,0.000685195,0.00069294,0.000694611,0.001057813
721,61000,0.000684461,0.000692859,0.000694673,0.001101946
722,57500,0.00068308,0.000692704,0.00069479,0.001180696
723,54000,0.000683168,0.000692714,0.000694783,0.001175819
724,67000,0.000685993,0.000693029,0.000694544,0.001007661
725,64500,0.000685772,0.000693004,0.000694563,0.001021787
726,60500,0.000685025,0.000692921,0.000694626,0.001068176
727,66000,0.000684099,0.000692818,0.000694704,0.001123106
728,65500,0.000685286,0.00069295,0.000694604,0.001052219
729,57000,0.000681885,0.00069257,0.000694892,0.001244989
730,61500,0.000684791,0.000692895,0.000694646,0.001082343
731,62500,0.000684142,0.000692823,0.0006947,0.001120609
732,65500,0.000685603,0.000692985,0.000694577,0.001032447
733,58000,0.000684032,0.000692811,0.00069471,0.001126992
734,57000,0.000684011,0.000692808,0.000694712,0.001128208
735,63500,0.000685084,0.000692928,0.000694621,0.001064594
736,65500,0.000685837,0.000693011,0.000694557,0.001017657
737,66500,0.000686034,0.000693033,0.000694541,0.001005041
738,65000,0.000685615,0.000692987,0.000694576,0.001031721
739,49000,0.000678852,0.000692225,0.00069515,0.001395433
740,65500,0.000684599,0.000692874,0.000694662,0.001093808
741,64500,0.000685824,0.00069301,0.000694558,0.00101848
742,63500,0.000685539,0.000692978,0.000694582,0.001036498
743,64500,0.000685526,0.000692977,0.000694583,0.001037284
744,64500,0.000684608,0.000692875,0.000694661,0.001093274
745,63500,0.000684781,0.000692894,0.000694646,0.001082905
746,60500,0.0006841,0.000692818,0.000694704,0.001123035
747,71500,0.000686052,0.000693035,0.000694539,0.001003884
748,65000,0.000685975,0.000693027,0.000694546,0.001008814
749,63500,0.000684258,0.000692836,0.000694691,0.001113878
750,63500,0.00068448,0.000692861,0.000694672,0.001100844
751,64500,0.000684721,0.000692888,0.000694651,0.001086509
752,64000,0.000686003,0.00069303,0.000694543,0.001007047
753,55000,0.000681214,0.000692494,0.000694949,0.001279715
754,61000,0.000684121,0.000692821,0.000694702,0.001121808
755,60500,0.000684668,0.000692882,0.000694656,0.001089659
756,60000,0.000684021,0.00069281,0.000694711,0.001127627
757,62000,0.000685331,0.000692955,0.0006946,0.001049439
758,70000,0.00068572,0.000692998,0.000694567,0.001025116
759,54500,0.000682082,0.000692592,0.000694875,0.001234588
760,67500,0.000685143,0.000692934,0.000694616,0.00106097
761,59500,0.000684945,0.000692912,0.000694633,0.001073013
762,62000,0.00068476,0.000692892,0.000694648,0.001084199
763,69000,0.000685983,0.000693027,0.000694545,0.001008314
764,59500,0.000684434,0.000692856,0.000694676,0.001103571
765,65500,0.000685333,0.000692956,0.0006946,0.001049291
766,65500,0.000685734,0.000693,0.000694566,0.001024193
767,62000,0.000683299,0.000692729,0.000694772,0.001168548
768,64500,0.000685223,0.000692943,0.000694609,0.001056075
769,51500,0.000680498,0.000692413,0.000695009,0.001315808
770,59500,0.000684254,0.000692836,0.000694691,0.001114094
771,60500,0.000683443,0.000692745,0.00069476,0.001160486
772,65500,0.000685582,0.000692983,0.000694579,0.001033793
773,65000,0.000684315,0.000692842,0.000694686,0.001110549
774,63000,0.000685434,0.000692967,0.000694591,0.001043045
775,64500,0.000683706,0.000692774,0.000694737,0.001145642
776,68000,0.000686091,0.000693039,0.000694536,0.001001337
777,70000,0.000685485,0.000692972,0.000694587,0.001039836
778,62500,0.00068369,0.000692773,0.000694739,0.001146573
779,66500,0.000685379,0.000692961,0.000694596,0.001046437
780,57000,0.000683556,0.000692757,0.00069475,0.001154172
781,51500,0.000679598,0.00069231,0.000695086,0.001359877
782,62000,0.00068445,0.000692857,0.000694674,0.001102615
783,65000,0.000685967,0.000693026,0.000694546,0.001009367
784,62500,0.000684752,0.000692891,0.000694649,0.001084684
785,63000,0.000685827,0.00069301,0.000694558,0.001018326
786,58000,0.000683673,0.000692771,0.00069474,0.001147513
787,57500,0.000682229,0.000692609,0.000694862,0.001226801
788,62000,0.000685588,0.000692984,0.000694578,0.001033399
789,54500,0.000682553,0.000692645,0.000694835,0.001209478
790,63000,0.000685196,0.00069294,0.000694611,0.001057763
791,64000,0.000684419,0.000692854,0.000694677,0.001104448
792,60000,0.00068484,0.000692901,0.000694641,0.001079368
793,55000,0.000683801,0.000692785,0.000694729,0.001140218
794,60500,0.000683335,0.000692733,0.000694769,0.001166531
795,67500,0.000686025,0.000693032,0.000694541,0.001005643
796,66000,0.000685744,0.000693001,0.000694565,0.001023583
797,66000,0.000685818,0.000693009,0.000694559,0.001018898
798,61500,0.000684703,0.000692886,0.000694653,0.001087579
799,56000,0.000682748,0.000692667,0.000694818,0.001198883
800,61000,0.000684621,0.000692876,0.00069466,0.001092481
801,65500,0.000685275,0.000692949,0.000694605,0.001052876
802,57500,0.000683157,0.000692713,0.000694784,0.00117644
803,69000,0.000685588,0.000692984,0.000694578,0.001033396
804,61000,0.000684285,0.000692839,0.000694688,0.001112273
805,61500,0.000683612,0.000692764,0.000694745,0.001150983
806,65500,0.000685678,0.000692994,0.000694571,0.001027755
807,58500,0.000684183,0.000692828,0.000694697,0.001118224
808,65000,0.000684558,0.000692869,0.000694665,0.001096205
809,61000,0.000684434,0.000692856,0.000694676,0.001103565
810,59500,0.000684548,0.000692868,0.000694666,0.001096835
811,65500,0.000685902,0.000693018,0.000694552,0.001013528
812,59000,0.000684685,0.000692883,0.000694655,0.001088684
813,58000,0.000682806,0.000692673,0.000694814,0.00119573
814,54500,0.00068275,0.000692667,0.000694818,0.001198782
815,62500,0.000685029,0.000692922,0.000694625,0.001067919
816,67500,0.000684803,0.000692897,0.000694645,0.001081582
817,53000,0.000682762,0.000692668,0.000694817,0.001198142
818,60000,0.000684618,0.000692876,0.00069466,0.001092652
819,66500,0.000684488,0.000692862,0.000694671,0.001100366
820,58000,0.000682709,0.000692663,0.000694822,0.001200984
821,56500,0.000683637,0.000692767,0.000694743,0.001149564
822,63000,0.000685584,0.000692983,0.000694579,0.001033665
823,58000,0.000683627,0.000692765,0.000694744,0.001150158
824,62000,0.000684702,0.000692885,0.000694653,0.001087673
825,62000,0.000685785,0.000693005,0.000694562,0.001021001
826,66500,0.000685726,0.000692999,0.000694567,0.001024735
827,57000,0.000681534,0.00069253,0.000694921,0.00126325
828,65000,0.000685674,0.000692993,0.000694571,0.001028022
829,64500,0.000685661,0.000692992,0.000694572,0.001028829
830,61500,0.000683439,0.000692744,0.00069476,0.001160727
831,62000,0.000685729,0.000692999,0.000694566,0.001024526
832,58500,0.00068389,0.000692795,0.000694722,0.001135126
833,59000,0.000684181,0.000692827,0.000694697,0.001118329
834,60500,0.000683443,0.000692745,0.00069476,0.001160508
835,56000,0.000682551,0.000692645,0.000694835,0.001209533
836,62500,0.00068511,0.000692931,0.000694619,0.001062989
837,65000,0.000685554,0.00069298,0.000694581,0.001035529
838,62000,0.000685194,0.00069294,0.000694611,0.001057846
839,64500,0.000685206,0.000692941,0.00069461,0.00105711
840,65000,0.000684821,0.000692899,0.000694643,0.001080512
841,60500,0.00068414,0.000692823,0.000694701,0.001120713
842,65000,0.00068553,0.000692977,0.000694583,0.001037039
843,59000,0.000684691,0.000692884,0.000694654,0.001088334
844,60000,0.000683277,0.000692726,0.000694774,0.001169784
845,63500,0.000685226,0.000692944,0.000694609,0.001055891
846,57000,0.000683811,0.000692786,0.000694728,0.001139666
847,61500,0.000685822,0.00069301,0.000694558,0.001018608
848,61500,0.000684027,0.00069281,0.00069471,0.001127285
849,66000,0.000685591,0.000692984,0.000694578,0.00103321
850,64000,0.000685567,0.000692981,0.00069458,0.001034744
851,64000,0.000685673,0.000692993,0.000694571,0.001028051
852,60500,0.00068473,0.000692888,0.000694651,0.001085999
853,65500,0.000685587,0.000692984,0.000694578,0.001033471
854,62500,0.000685202,0.000692941,0.000694611,0.001057375
855,68000,0.000685936,0.000693022,0.000694549,0.001011369
856,54500,0.00068259,0.000692649,0.000694832,0.001207453
857,61500,0.000684484,0.000692861,0.000694672,0.001100614
858,62000,0.0006844,0.000692852,0.000694679,0.001105561
859,67000,0.000685096,0.000692929,0.00069462,0.001063853
860,62500,0.000685818,0.000693009,0.000694559,0.001018911
861,61500,0.000684372,0.000692849,0.000694681,0.001107218
862,60500,0.000685343,0.000692957,0.000694599,0.001048662
863,66500,0.000685485,0.000692972,0.000694587,0.001039842
864,55000,0.000682129,0.000692597,0.000694871,0.001232138
865,64500,0.00068498,0.000692916,0.00069463,0.001070904
866,64500,0.000685079,0.000692927,0.000694621,0.001064924
867,66500,0.000685587,0.000692984,0.000694578,0.001033509
868,55000,0.000683313,0.00069273,0.000694771,0.00116777
869,57500,0.000682546,0.000692644,0.000694836,0.001209815
870,67000,0.000685161,0.000692936,0.000694614,0.001059877
871,62500,0.000684857,0.000692903,0.00069464,0.001078325
872,65000,0.000685141,0.000692934,0.000694616,0.001061087
873,67000,0.000686037,0.000693033,0.00069454,0.001004819
874,69000,0.000685925,0.000693021,0.00069455,0.001012019
875,62000,0.000683356,0.000692735,0.000694767,0.001165385
876,64500,0.000686059,0.000693036,0.000694539,0.001003461
877,67000,0.000684713,0.000692887,0.000694652,0.001086977
878,62000,0.000684155,0.000692824,0.000694699,0.001119879
879,63500,0.00068514,0.000692934,0.000694616,0.001061145
880,59500,0.000683747,0.000692779,0.000694734,0.00114334
881,57000,0.000684169,0.000692826,0.000694698,0.001119033
882,69000,0.000685623,0.000692988,0.000694575,0.00103123
883,63000,0.000684927,0.00069291,0.000694634,0.001074155
884,60500,0.000684454,0.000692858,0.000694674,0.001102379
885,60000,0.000685116,0.000692931,0.000694618,0.001062652
886,64500,0.000684932,0.000692911,0.000694634,0.00107384
887,62000,0.000684821,0.000692899,0.000694643,0.001080528
888,66500,0.000685221,0.000692943,0.000694609,0.001056198
889,61000,0.000684152,0.000692824,0.0006947,0.001120036
890,65000,0.000686053,0.000693035,0.000694539,0.001003803
891,63500,0.000685961,0.000693025,0.000694547,0.00100976
892,65000,0.000686035,0.000693033,0.000694541,0.001004957
893,57500,0.000684535,0.000692867,0.000694667,0.001097558
894,67000,0.000685683,0.000692994,0.00069457,0.001027444
895,59000,0.000684851,0.000692902,0.00069464,0.001078685
896,55500,0.00068249,0.000692638,0.00069484,0.001212852
897,63000,0.000684679,0.000692883,0.000694655,0.001089012
898,63000,0.000684445,0.000692857,0.000694675,0.001102873
899,67500,0.000685437,0.000692967,0.000694591,0.001042844
900,60000,0.000683216,0.00069272,0.000694779,0.001173147
901,69500,0.000685983,0.000693027,0.000694545,0.001008334
902,68000,0.000685774,0.000693004,0.000694563,0.00102165
903,55500,0.000682259,0.000692612,0.00069486,0.001225232
904,66500,0.000684931,0.000692911,0.000694634,0.001073914
905,61500,0.00068502,0.000692921,0.000694626,0.001068474
906,60500,0.000683284,0.000692727,0.000694773,0.001169375
907,64500,0.000685823,0.00069301,0.000694558,0.001018579
908,64000,0.000685543,0.000692979,0.000694582,0.001036216
909,62500,0.000684749,0.000692891,0.000694649,0.001084852
910,59500,0.000684707,0.000692886,0.000694653,0.001087328
911,56500,0.000682764,0.000692669,0.000694817,0.001198001
912,63500,0.000685464,0.00069297,0.000694589,0.001041199
913,60500,0.000684988,0.000692917,0.000694629,0.001070427
914,66000,0.000685066,0.000692926,0.000694622,0.00106568
915,56500,0.000681999,0.000692583,0.000694882,0.001238999
916,58500,0.000684012,0.000692809,0.000694711,0.001128134
917,65500,0.000685151,0.000692935,0.000694615,0.001060486
918,58500,0.000682691,0.000692661,0.000694823,0.001201966
919,62000,0.000685431,0.000692966,0.000694592,0.001043256
920,62500,0.00068434,0.000692845,0.000694684,0.001109072
921,64500,0.000683572,0.000692759,0.000694749,0.001153236
922,65500,0.00068591,0.000693019,0.000694551,0.001013005
923,64000,0.000685451,0.000692969,0.00069459,0.001042002
924,72000,0.000686029,0.000693033,0.000694541,0.001005354
925,60000,0.000683888,0.000692795,0.000694722,0.001135273
926,67500,0.000685711,0.000692997,0.000694568,0.001025654
927,64500,0.000684741,0.00069289,0.00069465,0.001085343
928,57500,0.000683834,0.000692789,0.000694727,0.001138363
929,66500,0.000685837,0.000693011,0.000694557,0.001017686
930,65000,0.000685571,0.000692982,0.00069458,0.0010345
931,53500,0.000682152,0.0006926,0.000694869,0.001230907
932,53500,0.000682056,0.000692589,0.000694877,0.001235954
933,58000,0.000683383,0.000692738,0.000694765,0.001163882
934,59500,0.000684092,0.000692817,0.000694705,0.001123504
935,61000,0.000684403,0.000692852,0.000694678,0.001105391
936,64500,0.000685405,0.000692963,0.000694594,0.001044862
937,69000,0.000686084,0.000693039,0.000694536,0.001001814
938,55500,0.000683379,0.000692738,0.000694765,0.001164096
939,63500,0.000685094,0.000692929,0.00069462,0.001063993
940,65000,0.000685384,0.000692961,0.000694595,0.001046125
941,58500,0.000682834,0.000692677,0.000694811,0.001194208
942,62500,0.000685771,0.000693004,0.000694563,0.001021843
943,64500,0.000685608,0.000692986,0.000694577,0.001032161
944,64500,0.000685616,0.000692987,0.000694576,0.001031662
945,59500,0.00068341,0.000692741,0.000694762,0.001162368
946,56500,0.000683155,0.000692713,0.000694784,0.001176538
947,63000,0.000685109,0.000692931,0.000694619,0.001063067
948,61000,0.000685564,0.000692981,0.00069458,0.001034936
949,60000,0.000685432,0.000692967,0.000694591,0.001043134
950,67000,0.000685941,0.000693023,0.000694548,0.001011016
951,66000,0.000685913,0.00069302,0.000694551,0.001012829
952,50500,0.000679976,0.000692353,0.000695054,0.001341524
953,62000,0.000684703,0.000692886,0.000694653,0.001087571
954,62000,0.000685323,0.000692954,0.000694601,0.001049934
955,59000,0.000683084,0.000692705,0.00069479,0.00118047
956,61500,0.000685127,0.000692933,0.000694617,0.001061962
957,53000,0.00067956,0.000692306,0.000695089,0.001361748
958,56500,0.000681563,0.000692533,0.000694919,0.001261746
959,60000,0.000684837,0.0006929,0.000694642,0.001079534
960,62500,0.000684296,0.00069284,0.000694687,0.001111658
961,67000,0.000685441,0.000692967,0.000694591,0.001042615
962,59500,0.000684288,0.000692839,0.000694688,0.001112129
963,62500,0.00068498,0.000692916,0.00069463,0.001070924
964,64000,0.000684959,0.000692914,0.000694631,0.001072188
965,55000,0.000680773,0.000692444,0.000694986,0.001302059
966,55000,0.000682784,0.000692671,0.000694815,0.001196926
967,65500,0.00068582,0.000693009,0.000694559,0.001018757
968,58000,0.000681892,0.000692571,0.000694891,0.001244592
969,63000,0.000685566,0.000692981,0.00069458,0.001034813
970,61500,0.00068487,0.000692904,0.000694639,0.00107759
971,62000,0.000684495,0.000692862,0.000694671,0.001099946
972,62000,0.000684694,0.000692885,0.000694654,0.001088108
973,67000,0.000685654,0.000692991,0.000694573,0.00102925
974,64500,0.000685018,0.00069292,0.000694626,0.001068639
975,65500,0.000685593,0.000692984,0.000694578,0.001033092
976,59500,0.000683767,0.000692781,0.000694732,0.001142194
977,57000,0.000682362,0.000692623,0.000694851,0.001219737
978,63000,0.000685072,0.000692927,0.000694622,0.001065322
979,60500,0.000682914,0.000692686,0.000694804,0.001189819
980,59500,0.000684017,0.000692809,0.000694711,0.001127844
981,56500,0.000682287,0.000692615,0.000694858,0.001223697
982,63500,0.000684888,0.000692906,0.000694637,0.001076466
983,63000,0.000685064,0.000692926,0.000694622,0.001065795
984,64500,0.000685477,0.000692971,0.000694588,0.001040388
985,56500,0.000683392,0.000692739,0.000694764,0.001163348
986,66000,0.000686035,0.000693033,0.000694541,0.00100496
987,62000,0.00068497,0.000692915,0.00069463,0.001071507
988,65500,0.000686087,0.000693039,0.000694536,0.001001602
989,61000,0.000683236,0.000692722,0.000694777,0.001172057
990,66500,0.000685776,0.000693005,0.000694562,0.001021543
991,66000,0.000686011,0.000693031,0.000694543,0.001006501
992,62000,0.000685474,0.000692971,0.000694588,0.001040574
993,62500,0.000685277,0.000692949,0.000694604,0.00105274
994,61000,0.000683829,0.000692788,0.000694727,0.001138643
995,61500,0.000684363,0.000692848,0.000694682,0.001107693
996,57000,0.000681988,0.000692581,0.000694883,0.00123955
997,57000,0.000684314,0.000692842,0.000694686,0.001110602
998,61500,0.000684153,0.000692824,0.000694699,0.001119965
999,66500,0.000685952,0.000693024,0.000694548,0.001010307
